energy_consumption,co2_emissions_g_per_km,maintenance_cost_annual,cost_per_km,energy_storage_capacity,mileage_km,acceleration_0_100_kph_sec,torque_Nm,lifespan_years,efficiency
8.14,137.19,72144.44,0.26,61.84,203733.46,9.0,172.7,8.73,25028.680589680585
5.85,193.1,93416.88,0.38,40.32,128202.72,8.79,156.09,8.33,21914.994871794872
6.21,153.0,92269.88,0.32,53.41,197395.72,8.55,258.48,10.02,31786.75040257649
10.51,176.45,102408.92,0.35,42.52,151995.3,10.71,211.59,7.98,14461.96955280685
7.05,188.66,99459.46,0.33,49.97,207537.46,9.8,182.11,10.72,29437.937588652483
4.97,128.84,105211.49,0.26,61.53,197943.24,7.3,152.07,8.89,39827.61368209255
7.36,97.42,29366.31,0.25,52.45,187679.75,8.4,199.86,6.3,25499.966032608696
6.93,188.88,69859.18,0.23,29.13,103534.31,7.16,267.53,6.78,14940.015873015873
8.06,151.58,63054.99,0.3,33.64,168799.03,10.19,138.63,12.56,20942.80769230769
5.37,125.48,80819.18,0.25,39.49,168257.33,9.22,151.53,8.86,31332.83612662942
4.74,94.77,71156.32,0.28,50.29,174920.49,9.68,181.24,11.65,36903.056962025315
5.85,201.81,68037.72,0.24,41.43,235513.84,8.92,259.96,6.02,40258.77606837607
7.93,179.49,66153.91,0.28,60.57,211945.93,9.27,201.32,12.61,26727.10340479193
7.75,114.19,100546.72,0.24,59.39,204515.36,8.67,118.26,9.57,26389.07870967742
7.88,179.47,77287.89,0.26,44.18,232045.19,10.67,187.38,5.52,29447.35913705584
7.22,134.04,75957.59,0.24,64.36,216877.46,10.93,193.31,12.02,30038.429362880885
8.05,123.99,61356.93,0.24,47.74,190648.61,9.21,191.24,9.21,23683.05714285714
7.94,133.5,63004.36,0.24,45.14,156521.67,7.03,241.3,10.34,19713.056675062973
6.07,153.24,80281.86,0.23,52.11,119309.85,9.93,275.59,9.29,19655.658978583197
8.55,163.84,80110.26,0.24,40.77,86561.86,8.87,175.28,7.34,10124.194152046783
8.0,123.04,76180.88,0.2,50.66,259735.34,9.2,245.67,11.71,32466.9175
8.65,119.65,62327.3,0.31,50.12,171030.36,8.78,235.17,9.32,19772.295953757224
7.24,106.54,63226.52,0.22,70.52,234269.14,11.62,260.43,12.19,32357.61602209945
5.87,139.87,81809.13,0.19,54.42,189698.52,10.24,123.16,11.0,32316.613287904598
7.95,187.01,73550.13,0.25,42.52,155199.08,9.21,243.0,12.69,19521.89685534591
8.08,146.52,72331.11,0.26,39.44,225600.53,8.51,191.93,10.44,27920.857673267325
8.74,188.5,85568.1,0.26,59.34,168716.92,9.15,191.84,9.06,19303.995423340963
5.98,172.68,85350.01,0.28,46.85,135813.27,6.44,181.71,12.38,22711.249163879595
8.52,203.48,80660.97,0.29,39.49,157457.87,9.81,194.31,11.37,18480.970657276997
9.2,165.06,99438.92,0.4,62.32,182487.17,10.94,137.21,10.66,19835.561956521742
7.66,96.76,79937.86,0.23,43.41,170105.96,9.43,201.62,10.8,22207.044386422975
6.29,118.81,91245.47,0.3,61.52,246076.57,11.09,210.06,11.44,39121.87122416534
5.57,85.43,89388.98,0.19,39.94,120402.55,8.92,110.41,10.92,21616.256732495513
5.84,117.77,52459.92,0.27,46.82,178302.06,8.39,255.96,7.22,30531.174657534248
8.36,153.01,86798.33,0.23,55.31,142240.6,10.16,177.98,10.43,17014.425837320578
4.85,124.01,76084.87,0.3,44.14,165172.08,8.49,179.16,9.66,34056.09896907216
7.33,89.54,69858.94,0.33,39.15,150963.28,5.89,229.6,9.4,20595.263301500683
8.3,139.63,89348.54,0.28,41.44,167054.04,8.32,204.71,8.5,20126.992771084337
8.38,173.19,80226.85,0.24,71.1,145646.23,8.52,140.88,11.7,17380.218377088306
8.1,92.83,58533.29,0.2,45.88,228465.59,11.57,220.05,11.05,28205.62839506173
5.61,88.84,118704.38,0.16,29.06,225318.25,7.79,265.28,10.26,40163.68092691622
7.5,146.06,86311.5,0.28,42.11,149409.27,6.51,261.15,7.94,19921.235999999997
5.46,169.51,75420.36,0.29,50.21,183659.2,8.82,164.62,10.92,33637.21611721612
8.73,167.92,81083.74,0.2,57.46,200547.01,7.46,219.87,8.68,22972.16609392898
7.89,141.39,85565.81,0.24,59.47,171492.41,10.19,232.07,12.32,21735.41318124208
6.58,146.04,106161.55,0.2,34.72,201141.57,10.14,226.09,11.37,30568.627659574468
6.1,162.91,84744.11,0.17,61.57,193357.8,9.46,222.65,13.06,31698.0
8.11,106.61,71132.8,0.29,51.05,160479.49,9.45,140.47,11.9,19787.8532675709
7.6,133.75,35498.7,0.3,36.95,159191.64,10.17,156.38,12.84,20946.268421052635
6.93,129.79,94416.4,0.27,51.44,186598.28,10.4,201.28,9.67,26926.15873015873
9.62,170.91,106659.42,0.26,56.18,162344.9,8.88,178.55,13.22,16875.76923076923
8.13,179.4,59907.23,0.23,40.12,90962.58,8.51,200.77,5.68,11188.50922509225
9.74,153.78,81098.29,0.17,54.6,190784.15,11.42,224.04,9.23,19587.695071868584
5.22,108.43,82705.08,0.23,48.47,186422.48,9.54,156.65,10.03,35713.118773946364
5.21,126.96,70546.52,0.26,67.1,215983.95,9.91,196.49,9.34,41455.65259117083
9.81,130.69,82924.52,0.27,43.64,159811.38,7.85,231.3,11.43,16290.660550458715
6.66,118.6,67853.97,0.32,69.44,151572.32,6.3,208.22,11.71,22758.60660660661
9.88,145.33,74523.01,0.27,50.85,148045.94,7.56,180.28,10.65,14984.406882591093
5.2,131.65,92328.82,0.27,63.07,198091.6,6.66,210.59,11.38,38094.53846153846
8.51,152.02,100493.22,0.26,61.26,164803.68,11.75,238.68,12.24,19365.884841363102
8.99,147.16,65106.97,0.21,31.37,166609.07,9.84,180.54,12.22,18532.710789766406
6.81,71.26,72497.71,0.25,52.82,194379.44,7.83,204.35,10.08,28543.236417033775
4.84,200.19,63757.39,0.26,50.94,147387.56,8.69,233.81,10.8,30451.97520661157
9.22,150.37,112029.82,0.35,45.71,116626.9,9.42,150.51,10.49,12649.338394793926
7.73,187.97,89248.69,0.26,56.37,154876.09,10.77,163.67,4.94,20035.716688227683
8.31,195.93,94491.88,0.29,53.28,161201.69,9.29,231.88,6.48,19398.518652226234
6.54,138.56,79147.45,0.27,54.06,189759.45,9.17,225.17,9.74,29015.20642201835
5.37,168.02,81023.1,0.31,69.01,152220.06,10.11,174.81,8.85,28346.379888268155
6.65,106.49,94768.89,0.25,56.12,168801.35,8.36,192.32,11.65,25383.66165413534
5.82,159.4,69280.04,0.22,45.38,158808.87,11.51,237.86,13.09,27286.74742268041
5.63,118.74,77882.75,0.24,63.18,142128.0,11.3,167.78,7.64,25244.760213143873
8.01,167.66,83100.16,0.22,60.78,159118.63,8.5,260.62,9.16,19864.9975031211
8.11,134.77,107512.02,0.33,57.26,168848.2,7.85,241.27,9.55,20819.753390875467
6.29,158.35,62855.86,0.24,51.7,115443.94,8.82,181.0,13.85,18353.567567567567
8.48,137.81,89134.77,0.25,44.03,184053.09,10.41,199.74,7.93,21704.373820754714
6.28,169.16,79724.93,0.17,49.28,201700.17,6.91,210.06,14.04,32117.861464968155
8.36,141.13,62225.72,0.23,31.14,239690.58,8.99,167.44,10.09,28671.12200956938
9.04,194.35,89077.0,0.22,59.28,184118.61,9.14,220.71,13.44,20367.102876106193
7.07,176.68,93601.76,0.34,73.33,212988.07,11.27,215.98,8.99,30125.611032531826
7.87,114.34,85438.15,0.2,54.38,234371.66,8.0,157.9,10.03,29780.38881829733
6.42,129.95,76952.47,0.23,34.21,238055.02,10.33,170.56,6.77,37080.22118380062
6.48,131.43,52625.33,0.27,63.88,269787.29,12.69,142.59,9.99,41633.84104938271
4.88,106.87,92396.8,0.24,41.02,176883.68,8.7,215.16,11.25,36246.65573770492
7.34,195.46,93334.82,0.31,60.3,151258.29,8.66,191.59,12.22,20607.39645776567
6.86,143.55,108339.24,0.24,46.91,204269.2,7.03,193.37,11.31,29776.851311953353
7.18,188.71,69134.55,0.28,44.0,159125.38,9.58,183.33,6.4,22162.30919220056
8.43,172.32,75791.42,0.26,44.82,167099.12,9.17,145.69,10.85,19821.959667852905
6.25,116.86,116598.12,0.32,30.0,201102.72,7.56,169.11,9.88,32176.4352
7.77,141.64,103635.81,0.33,59.06,180768.14,5.53,211.78,8.54,23264.882882882885
6.49,110.04,91034.83,0.23,67.08,124645.64,7.91,172.52,13.44,19205.79969183359
7.9,73.47,86964.81,0.33,63.5,167967.43,6.78,235.32,10.43,21261.699999999997
8.1,151.75,80170.55,0.26,47.59,136927.32,5.72,185.61,7.37,16904.60740740741
7.45,140.09,70368.09,0.33,42.53,192376.65,8.99,254.16,6.35,25822.369127516777
8.6,132.02,49792.63,0.25,42.96,232643.98,10.73,130.65,9.95,27051.62558139535
7.84,155.48,68048.28,0.23,50.55,233357.43,9.06,188.77,15.33,29764.97831632653
5.39,106.54,82695.43,0.32,53.76,177944.2,10.09,166.76,10.62,33013.76623376624
6.54,114.07,87027.97,0.31,40.89,107349.34,11.75,269.34,8.37,16414.272171253822
10.1,178.17,79481.42,0.22,29.62,110329.44,7.75,123.71,11.33,10923.70693069307
9.92,203.5,54106.79,0.2,49.86,143295.36,9.0,229.42,11.77,14445.096774193547
4.83,176.3,80658.62,0.29,53.49,248604.73,8.41,212.57,7.71,51470.958592132505
8.0,158.57,74144.08,0.18,51.62,155670.43,7.55,169.76,10.81,19458.80375
9.04,178.44,83262.1,0.27,31.56,231941.65,12.79,205.15,11.24,25657.262168141595
5.36,174.04,60777.64,0.15,45.43,169791.75,9.04,194.26,6.87,31677.56529850746
6.81,149.21,79365.02,0.25,55.89,172492.24,10.85,207.13,10.06,25329.25697503671
8.31,131.96,129316.42,0.26,52.61,252898.53,9.21,167.61,11.39,30433.03610108303
8.45,173.67,119037.2,0.33,41.82,185016.35,8.99,185.9,8.38,21895.426035502962
9.32,136.59,71040.82,0.28,62.35,176017.97,9.52,229.4,10.3,18886.048283261804
6.4,125.27,89142.65,0.22,51.51,92142.15,11.46,216.63,11.8,14397.210937499998
6.89,124.17,83728.18,0.28,59.94,159384.25,9.29,129.63,7.91,23132.69230769231
7.16,137.34,72963.04,0.25,44.51,218643.71,9.83,187.51,8.76,30536.83100558659
6.11,141.97,78536.09,0.28,50.33,162487.12,10.79,203.42,10.25,26593.636661211127
8.87,154.2,110467.38,0.23,59.59,108152.09,8.97,223.61,7.84,12193.020293122887
1.62,177.12,51121.07,0.31,53.0,163953.07,7.11,164.56,13.71,101205.59876543209
6.81,144.12,86392.35,0.26,41.71,209501.12,9.26,260.82,12.92,30763.747430249634
6.81,151.16,98566.07,0.28,57.57,199276.07,6.93,178.04,8.25,29262.271659324524
9.62,118.08,71158.65,0.3,37.54,188700.54,9.1,177.0,11.9,19615.44074844075
9.11,154.94,90134.97,0.13,62.79,75315.48,6.75,192.38,9.43,8267.3413830955
5.77,116.87,76821.66,0.26,41.13,160121.47,7.73,272.74,6.76,27750.688041594458
7.72,186.69,78949.3,0.26,50.4,251870.14,11.26,196.79,11.82,32625.66580310881
4.26,160.83,91016.39,0.3,57.57,155387.44,10.08,178.78,13.73,36475.92488262911
6.0,143.5,94448.4,0.25,32.93,200800.18,8.26,170.34,7.64,33466.69666666666
8.6,76.92,65512.6,0.24,51.11,220192.87,10.38,250.69,6.25,25603.822093023256
7.05,199.82,99543.93,0.24,48.37,219918.17,10.96,254.46,7.57,31194.06666666667
9.4,124.46,94045.7,0.18,65.11,178484.29,9.94,145.96,10.39,18987.690425531917
6.76,109.99,109294.17,0.22,61.17,147847.01,9.47,163.54,10.66,21870.859467455623
7.57,114.48,81250.18,0.27,38.45,186640.75,7.92,161.38,10.26,24655.317040951122
8.69,156.5,69235.41,0.39,30.49,174016.59,8.15,190.7,9.95,20024.92405063291
9.09,119.86,80492.95,0.23,58.72,170560.8,8.52,248.19,9.43,18763.564356435643
6.0,199.06,69222.74,0.24,63.41,124679.29,9.16,151.94,10.51,20779.881666666664
7.42,168.66,84544.58,0.27,33.95,202032.51,9.04,154.23,12.06,27228.101078167118
7.47,81.51,57122.22,0.18,47.57,165606.38,7.16,189.45,8.33,22169.528781793844
8.8,111.37,62697.76,0.23,60.25,162886.63,9.25,203.92,11.53,18509.84431818182
9.74,146.47,102117.23,0.27,40.07,140413.63,8.45,129.27,8.35,14416.183778234086
8.77,194.92,65510.44,0.24,51.48,231759.57,9.44,212.95,10.85,26426.404789053595
6.85,107.36,83398.14,0.2,47.76,151599.0,8.75,159.83,10.76,22131.24087591241
7.52,91.77,84714.01,0.23,49.75,155529.29,9.95,156.76,11.0,20682.086436170215
9.04,127.66,99745.17,0.25,45.65,200163.75,9.01,203.23,10.24,22142.007743362836
5.62,185.58,60942.68,0.22,56.5,197520.21,7.31,199.05,7.94,35145.94483985765
10.76,138.14,66265.52,0.22,46.27,227482.05,7.33,191.45,13.39,21141.454460966543
9.29,176.36,107085.03,0.26,61.52,156623.61,9.59,172.56,9.9,16859.37674919268
5.28,154.34,71421.07,0.25,48.47,266012.43,11.87,191.91,9.87,50381.142045454544
9.92,119.69,54347.37,0.19,50.2,174633.87,7.76,216.71,8.61,17604.22076612903
8.83,119.34,105158.59,0.2,62.57,203780.36,8.89,165.17,9.86,23078.18346545866
6.72,107.4,81108.3,0.25,44.13,168634.42,8.26,193.65,9.63,25094.40773809524
7.02,160.66,86127.28,0.26,64.59,183574.43,8.34,116.7,12.16,26150.203703703704
4.39,120.8,96100.5,0.23,65.86,150817.08,10.33,239.37,10.02,34354.68792710706
8.09,138.07,58783.05,0.21,66.75,226342.62,10.18,161.55,4.89,27978.07416563659
6.58,163.8,58236.31,0.2,56.95,166736.25,9.67,186.23,9.14,25339.855623100302
8.17,158.38,89421.18,0.28,35.11,194480.98,9.62,129.75,10.21,23804.28151774786
5.32,130.67,94932.9,0.18,59.15,174080.45,10.4,257.2,8.33,32721.889097744363
5.55,165.54,78060.54,0.29,40.02,256771.25,11.33,230.57,9.73,46265.09009009009
7.02,126.85,82567.81,0.25,50.51,232848.45,4.69,234.23,13.31,33169.294871794875
9.73,124.69,67997.37,0.27,58.66,255633.62,8.19,187.07,8.79,26272.725590955804
8.36,121.32,77460.07,0.29,68.86,209691.54,10.34,228.51,8.99,25082.72009569378
6.58,170.54,71930.84,0.2,56.1,84320.72,9.46,219.71,10.85,12814.699088145897
9.75,104.28,76223.32,0.29,35.16,168359.14,8.43,167.98,8.2,17267.604102564103
8.48,150.49,67502.88,0.3,65.53,154478.79,10.37,120.54,11.59,18216.838443396227
10.01,162.57,83052.23,0.29,58.8,141601.1,10.18,244.92,14.04,14145.964035964036
4.71,125.09,62559.34,0.27,34.47,121008.86,10.63,225.01,6.98,25691.902335456474
5.67,122.17,81567.71,0.27,54.81,212235.91,8.03,167.33,9.64,37431.37742504409
7.32,134.55,86283.67,0.35,26.22,207877.23,11.22,247.63,13.71,28398.52868852459
8.85,153.01,112567.89,0.23,45.61,141582.12,9.59,139.28,10.82,15997.979661016949
5.27,77.47,58159.3,0.22,54.35,122184.01,7.47,238.45,6.91,23184.82163187856
6.56,142.6,102528.19,0.25,36.88,170644.82,8.96,199.15,10.49,26012.929878048784
6.86,146.79,97777.45,0.23,44.0,127232.2,8.21,253.71,8.42,18546.967930029154
7.27,175.92,96267.16,0.25,48.52,279226.04,7.88,213.71,8.23,38407.98349381018
5.84,101.61,88972.58,0.21,65.21,178776.28,9.08,114.11,10.4,30612.37671232877
6.1,126.48,78825.04,0.23,29.47,238568.05,10.73,194.07,8.88,39109.516393442624
7.86,80.65,64950.47,0.24,43.34,219611.98,9.9,135.59,13.21,27940.455470737914
6.78,110.43,70594.24,0.25,52.66,141037.59,9.4,247.4,7.94,20802.00442477876
7.74,122.74,58669.12,0.24,41.97,182985.12,7.51,286.6,9.77,23641.488372093023
5.86,132.13,80078.08,0.31,53.78,229149.12,10.6,97.19,9.96,39103.94539249146
5.96,185.27,74574.25,0.17,44.11,115741.64,8.4,223.18,12.42,19419.738255033557
3.91,111.14,95126.24,0.21,47.62,148375.04,10.5,154.96,10.91,37947.580562659845
7.5,210.47,87182.71,0.25,58.27,175779.0,9.47,162.47,16.14,23437.2
9.25,119.45,85153.32,0.22,49.29,162548.39,11.9,172.62,10.56,17572.79891891892
7.99,144.23,59881.1,0.22,40.28,227837.68,8.41,97.3,7.28,28515.354192740924
4.86,151.46,113554.57,0.21,52.32,201425.61,10.7,206.23,12.14,41445.59876543209
7.9,172.08,102642.86,0.24,34.87,100649.51,8.18,209.09,10.93,12740.444303797467
5.99,143.0,58686.59,0.23,59.28,201588.95,7.32,210.84,9.21,33654.24874791319
8.52,160.98,89859.82,0.26,40.78,216044.47,9.89,227.07,9.76,25357.332159624413
5.27,143.61,92891.21,0.26,65.28,148698.35,8.99,226.51,8.06,28216.005692599625
8.17,136.78,71851.98,0.35,58.19,198703.0,8.62,231.4,9.53,24321.052631578947
3.72,149.42,69058.44,0.28,50.77,99391.12,6.8,154.5,10.61,26718.043010752684
7.29,114.87,78190.35,0.27,58.55,174001.35,11.96,123.35,10.11,23868.49794238683
10.02,169.83,78446.18,0.19,50.97,185790.62,9.5,108.67,9.72,18541.978043912175
8.06,125.51,68595.73,0.22,57.45,180006.42,9.35,180.0,13.79,22333.302729528536
6.04,154.99,55447.97,0.25,51.67,186483.43,9.61,229.92,8.79,30874.740066225164
6.46,153.01,68825.32,0.26,49.8,217748.07,7.14,178.69,13.88,33707.13157894737
8.74,106.07,95922.64,0.28,66.68,133260.36,10.23,205.46,12.22,15247.180778032034
9.22,164.56,78821.14,0.23,46.57,256076.53,8.27,204.42,12.05,27774.02711496746
10.0,148.75,93602.51,0.27,51.67,124026.28,10.44,256.03,10.54,12402.628
8.41,154.8,67817.46,0.26,43.57,168353.45,13.12,160.14,12.98,20018.246135552916
7.64,131.43,72539.46,0.2,70.19,139564.74,8.03,212.41,11.7,18267.63612565445
7.4,227.42,64378.21,0.35,74.41,198783.86,8.61,179.73,8.29,26862.68378378378
7.1,186.24,88304.41,0.28,54.31,226915.77,8.87,163.82,12.48,31959.967605633803
7.21,118.56,60021.3,0.28,46.59,163347.39,7.52,228.14,10.34,22655.671289875176
8.9,49.44,77184.48,0.25,42.33,186671.75,8.98,158.77,10.74,20974.35393258427
7.9,57.79,78092.62,0.25,62.21,165542.63,8.27,158.11,11.35,20954.76329113924
7.75,161.52,67484.93,0.22,53.6,191845.34,9.03,216.98,9.58,24754.23741935484
5.97,140.01,81411.05,0.26,45.27,168707.52,11.53,150.3,13.64,28259.21608040201
9.3,111.05,96679.3,0.23,55.17,164270.54,11.5,251.03,12.38,17663.498924731182
6.21,149.6,76440.32,0.29,40.11,173326.41,8.15,192.31,5.96,27910.855072463768
7.18,164.69,94124.29,0.25,43.42,166350.75,10.23,250.25,10.47,23168.628133704737
5.29,148.22,86339.43,0.25,32.29,112717.31,10.07,259.13,10.79,21307.620037807184
7.92,151.93,89149.27,0.17,52.59,143910.47,8.53,244.74,9.34,18170.51388888889
6.45,146.79,61231.58,0.23,50.55,207344.73,11.62,248.36,12.26,32146.46976744186
5.63,123.85,77110.9,0.35,36.87,231259.82,9.05,166.46,12.63,41076.34458259325
6.58,126.19,76855.4,0.28,66.78,153395.71,7.72,164.7,8.77,23312.4179331307
8.62,181.95,100164.27,0.25,44.19,106979.52,10.39,214.08,11.4,12410.617169373552
6.28,148.54,70749.05,0.22,52.74,153429.29,11.15,232.86,9.58,24431.415605095543
9.57,106.31,94556.94,0.21,54.83,145193.47,12.15,167.5,11.1,15171.73145245559
4.53,173.19,78771.89,0.24,45.89,149496.74,8.77,151.3,12.83,33001.48785871964
7.65,171.11,82140.33,0.15,63.71,250531.95,12.97,201.52,8.98,32749.274509803923
7.05,166.15,106437.1,0.26,43.11,186223.18,6.9,209.54,9.89,26414.635460992908
8.24,163.73,78489.56,0.33,51.91,144635.63,9.98,230.05,7.7,17552.867718446603
4.69,119.6,66241.08,0.33,42.8,181728.16,9.64,206.39,14.03,38748.008528784645
8.04,100.57,93704.11,0.26,65.14,171881.27,8.16,230.87,9.87,21378.267412935325
6.88,155.64,74253.58,0.26,36.13,237319.53,10.32,220.15,7.74,34494.11773255814
8.11,96.35,82022.02,0.3,31.31,146633.64,5.02,166.48,8.36,18080.596794081383
5.7,143.62,68440.73,0.29,34.95,194996.31,8.85,147.67,9.74,34209.87894736842
7.53,155.21,74449.45,0.22,59.09,260117.88,7.84,241.15,6.85,34544.20717131474
10.39,142.97,78112.71,0.33,44.12,181087.09,8.97,207.26,9.1,17428.97882579403
9.04,119.32,79665.37,0.2,59.02,190610.28,9.11,220.79,10.89,21085.20796460177
5.26,157.08,71108.01,0.2,43.39,192366.31,9.64,169.84,12.44,36571.54182509506
5.53,116.95,90190.6,0.29,45.78,213917.15,9.43,230.46,10.68,38683.028933092224
8.75,140.44,76293.81,0.28,45.15,133618.58,9.11,173.22,8.85,15270.694857142857
5.39,224.04,86919.96,0.23,40.7,46819.85,9.41,222.02,10.86,8686.428571428572
7.48,109.21,103161.39,0.21,57.36,287921.62,10.66,241.3,9.63,38492.19518716577
5.96,173.08,80250.51,0.28,46.46,163776.51,8.47,165.46,9.75,27479.280201342284
8.3,196.63,69157.48,0.31,44.56,239018.17,9.78,163.97,9.51,28797.36987951807
8.81,131.62,88467.47,0.19,40.79,126575.73,7.73,143.88,12.21,14367.279228149828
7.6,187.37,64418.98,0.26,32.15,259409.06,7.67,177.41,10.13,34132.77105263158
5.14,101.98,96248.93,0.25,55.21,192628.78,10.62,98.28,13.99,37476.416342412456
8.69,101.12,77256.48,0.3,48.56,193878.41,10.94,187.84,13.35,22310.518987341773
9.64,142.62,99943.01,0.33,48.25,199091.84,6.58,161.66,8.04,20652.68049792531
5.84,99.84,84488.0,0.29,53.02,175754.72,8.23,255.06,6.7,30094.986301369863
6.15,175.62,89628.19,0.25,48.79,210658.24,9.32,167.86,9.6,34253.37235772357
5.66,175.95,112659.81,0.13,44.09,105429.21,8.71,233.07,6.1,18627.06890459364
4.74,113.4,96388.07,0.28,61.49,143014.24,8.12,216.26,12.01,30171.780590717295
9.54,110.47,68407.49,0.23,60.21,181906.92,11.36,216.42,10.69,19067.81132075472
11.3,172.06,102258.35,0.23,68.0,137169.82,8.63,202.45,12.33,12138.922123893804
7.12,139.01,64051.12,0.29,55.4,185022.34,6.7,199.85,10.93,25986.28370786517
10.49,98.55,79357.63,0.28,45.25,129249.96,10.1,209.64,6.32,12321.254528122021
4.92,190.77,82009.13,0.22,49.79,178484.53,11.07,235.24,11.96,36277.34349593496
6.83,69.73,60059.61,0.19,63.15,132233.65,6.0,202.22,11.71,19360.710102489018
7.18,180.46,87006.36,0.29,55.63,145359.73,9.88,141.18,10.06,20245.087743732594
8.59,83.52,74725.1,0.23,48.4,156465.54,8.61,200.83,9.21,18214.84749708964
6.69,95.2,99875.07,0.23,49.18,222325.44,7.74,185.91,12.51,33232.50224215246
9.44,142.15,79649.09,0.24,57.99,152638.16,8.58,155.32,8.65,16169.296610169493
8.08,136.99,75737.18,0.26,52.88,150601.92,8.2,223.72,9.19,18638.851485148516
8.32,165.97,80607.84,0.26,63.82,203985.75,8.26,206.92,10.68,24517.518028846152
7.03,157.85,86784.12,0.19,56.74,201378.74,9.79,177.76,10.41,28645.624466571833
6.0,123.53,108128.38,0.27,48.51,192588.4,10.11,205.12,11.46,32098.066666666666
4.68,90.85,96707.94,0.13,59.08,161355.67,8.07,179.25,8.86,34477.70726495727
6.11,152.08,78778.16,0.25,50.38,248390.53,8.29,208.04,9.87,40653.11456628478
8.0,98.24,93888.56,0.18,59.17,156129.1,10.33,158.96,12.97,19516.1375
7.24,153.67,71276.29,0.24,58.22,173274.41,11.76,230.48,9.92,23932.92955801105
4.4,168.82,79874.59,0.26,45.7,156785.8,10.74,265.38,11.31,35633.13636363636
9.05,168.19,91751.98,0.19,50.92,96272.88,10.37,146.53,11.17,10637.887292817679
7.69,181.34,70556.09,0.32,57.16,191096.84,8.79,199.11,8.07,24850.044213263976
6.7,131.85,79427.98,0.18,44.15,190465.01,7.62,236.34,7.94,28427.61343283582
6.83,94.68,75031.41,0.25,61.76,208876.85,12.36,236.62,11.58,30582.26207906296
6.47,176.71,76359.07,0.33,56.4,106577.18,8.12,189.21,7.09,16472.516228748067
6.15,122.36,58837.97,0.19,53.33,194615.85,9.06,196.84,7.62,31644.853658536584
6.93,133.98,87653.78,0.23,61.29,145246.74,9.95,158.38,13.31,20959.12554112554
7.3,163.1,35796.44,0.31,41.97,153282.33,8.17,132.02,12.26,20997.579452054793
9.52,130.61,86494.59,0.13,43.71,164660.88,7.0,202.07,8.81,17296.31092436975
5.62,157.75,72104.14,0.24,50.18,198927.86,15.72,204.29,12.68,35396.41637010676
7.79,171.72,70159.48,0.26,26.29,188444.99,6.85,170.9,10.57,24190.627727856223
8.28,123.42,67729.97,0.27,52.3,224048.78,11.89,249.25,11.78,27059.031400966185
7.62,122.51,86410.64,0.18,53.4,228519.36,9.66,228.67,6.1,29989.417322834644
7.13,123.25,89056.0,0.24,43.14,165740.92,9.48,263.36,9.64,23245.570827489482
8.18,99.06,99065.45,0.28,50.66,177902.09,9.31,243.64,7.36,21748.421760391197
10.73,125.61,88548.15,0.17,43.95,154074.7,6.31,225.6,7.24,14359.245107176142
7.44,110.31,86562.59,0.36,52.03,199779.9,10.16,237.24,8.84,26852.13709677419
6.25,160.58,39058.93,0.29,68.55,213643.26,10.38,153.78,8.23,34182.9216
8.04,119.32,98795.87,0.28,57.9,147282.51,6.36,250.96,10.08,18318.720149253735
8.16,111.6,85909.86,0.32,56.25,202198.69,8.22,164.82,12.01,24779.251225490196
7.05,130.05,116392.67,0.24,61.63,171659.74,5.23,244.37,11.46,24348.89929078014
7.14,168.37,88603.38,0.19,44.27,200074.08,6.5,152.84,10.79,28021.579831932773
8.12,155.72,99304.21,0.32,57.54,218379.84,9.83,271.39,8.96,26894.068965517243
7.06,146.79,90766.08,0.33,45.26,253815.99,9.06,235.74,9.77,35951.27337110481
6.82,145.45,74493.29,0.25,74.85,138488.18,7.84,269.2,10.1,20306.184750733137
6.79,146.42,58222.48,0.33,64.61,187259.12,10.14,218.24,10.02,27578.66273932253
7.44,166.53,117850.6,0.29,57.33,214495.62,5.38,150.85,8.88,28830.0564516129
7.44,156.46,65343.92,0.28,42.0,170231.4,10.01,199.05,8.22,22880.56451612903
9.81,147.53,54807.46,0.21,37.33,187676.88,7.21,139.06,8.06,19131.180428134558
7.87,156.12,75485.97,0.29,49.3,292966.68,8.47,157.24,8.83,37225.753494282086
5.99,135.99,103314.24,0.13,59.09,202268.72,8.22,216.68,10.84,33767.73288814691
8.33,169.85,74119.28,0.25,51.13,145384.42,11.86,188.3,11.72,17453.111644657864
6.44,127.79,72623.5,0.21,51.83,277439.4,7.24,213.87,7.69,43080.65217391305
7.48,125.64,74695.21,0.28,38.33,110161.24,9.89,194.46,9.26,14727.438502673796
8.82,141.94,93837.22,0.31,73.44,221115.36,7.29,190.26,11.43,25069.768707482992
7.83,141.47,75429.98,0.17,47.82,254629.09,8.09,162.1,8.57,32519.67943805875
7.49,164.15,65631.08,0.26,50.19,137958.32,8.98,200.21,9.62,18419.001335113484
7.37,147.01,92381.22,0.18,58.56,101796.56,9.39,199.73,6.92,13812.28765264586
9.56,157.97,99850.11,0.21,48.75,156452.33,5.38,167.34,8.69,16365.306485355646
6.86,117.5,102809.6,0.21,39.92,128775.51,9.03,206.23,10.17,18771.94023323615
4.2,175.66,52161.0,0.31,41.09,233213.74,9.35,218.93,10.0,55527.08095238095
7.33,141.31,105939.51,0.14,64.83,110464.1,7.87,228.44,9.91,15070.136425648023
8.15,136.72,83386.82,0.29,61.59,142661.15,10.3,223.34,10.48,17504.435582822083
6.56,128.38,101778.9,0.23,71.06,202642.3,7.67,259.09,13.94,30890.594512195123
5.18,187.41,62954.37,0.23,43.13,201810.34,10.09,175.29,9.23,38959.525096525096
6.96,139.11,66309.82,0.18,49.02,202851.32,9.96,213.8,9.55,29145.30459770115
6.67,112.9,83636.75,0.24,48.99,188943.98,10.34,189.73,9.89,28327.43328335832
7.84,99.15,84635.82,0.27,53.24,90929.54,8.17,227.08,10.06,11598.155612244896
5.88,151.66,98240.1,0.19,31.6,207211.49,9.16,258.22,7.87,35240.04931972789
6.24,94.83,82451.72,0.3,57.06,219760.08,8.17,245.14,8.91,35217.96153846153
8.08,100.03,83216.95,0.26,76.25,240826.57,9.55,262.56,8.41,29805.268564356436
6.32,102.03,80563.5,0.3,53.6,174913.49,9.87,218.08,8.73,27676.185126582277
10.27,140.68,107943.04,0.24,57.18,201561.66,7.4,221.28,8.95,19626.257059396303
8.41,131.61,95912.0,0.29,53.5,265737.79,8.91,232.94,5.65,31597.834720570747
6.04,137.39,71840.25,0.22,50.62,224976.57,11.31,214.15,9.78,37247.77649006623
8.0,166.63,75902.72,0.26,49.85,152645.59,8.64,200.07,8.77,19080.69875
7.5,134.64,62518.38,0.19,50.34,173900.01,9.86,155.13,12.01,23186.668
9.23,150.1,116686.54,0.28,49.48,170419.03,6.91,191.38,5.48,18463.60021668472
6.68,115.12,91519.06,0.26,51.44,235336.96,8.0,139.9,8.83,35230.08383233533
9.89,174.59,81612.88,0.23,40.04,137749.18,10.33,196.84,9.6,13928.12740141557
9.03,146.02,65129.98,0.2,35.45,163155.89,6.87,228.28,9.94,18068.204872646736
9.19,133.42,102367.5,0.32,53.78,229853.19,9.04,245.12,8.91,25011.228509249184
5.25,127.32,65795.26,0.13,35.94,189623.23,8.46,213.31,10.63,36118.71047619048
7.19,155.24,93043.59,0.26,59.56,163663.21,9.05,144.38,10.71,22762.616133518775
7.98,145.33,79000.98,0.27,57.18,220948.09,9.31,297.95,6.99,27687.7305764411
5.89,72.55,66106.41,0.19,45.79,181237.92,9.77,175.31,13.78,30770.44482173175
7.0,107.12,80008.4,0.22,71.67,142437.87,8.66,180.78,8.94,20348.26714285714
8.07,102.0,88826.54,0.17,46.09,134599.52,6.68,190.39,8.56,16678.998760842624
8.26,146.0,58625.43,0.13,60.03,142596.69,5.9,227.92,7.51,17263.521791767555
7.94,124.84,99607.03,0.25,58.04,158017.82,8.23,220.83,8.41,19901.488664987406
7.57,162.96,81865.64,0.3,51.34,106873.4,9.75,167.37,8.99,14118.018494055481
6.34,163.37,81169.06,0.17,58.65,228819.06,12.57,144.08,6.98,36091.33438485805
8.42,204.46,61511.16,0.24,59.12,149081.06,7.75,199.38,9.79,17705.589073634204
6.54,128.41,86560.59,0.23,43.24,157192.26,7.49,163.73,8.39,24035.51376146789
5.82,94.57,45963.84,0.32,49.53,159934.13,10.63,199.74,7.94,27480.091065292097
10.55,110.95,83312.63,0.29,62.08,234909.99,5.66,204.54,9.88,22266.349763033173
8.8,119.21,99110.95,0.28,43.7,254721.32,9.39,253.22,12.28,28945.604545454546
6.89,145.27,79503.98,0.33,45.78,159448.01,9.02,251.25,11.26,23141.946298984036
9.53,145.81,102952.78,0.16,54.59,225531.26,10.53,228.36,10.03,23665.399790136413
8.25,134.89,80696.92,0.22,48.26,171982.2,10.83,169.2,8.0,20846.327272727274
5.7,125.55,75027.51,0.2,57.64,215557.6,7.94,169.38,10.76,37817.12280701754
8.91,65.7,114034.87,0.33,40.96,138289.0,9.83,180.85,8.91,15520.650953984286
7.08,141.66,78183.87,0.27,51.07,186624.61,9.99,310.13,10.05,26359.408192090392
4.63,159.8,104883.05,0.32,52.45,177029.92,7.17,187.0,10.73,38235.40388768899
7.26,119.8,73149.51,0.29,53.62,170167.23,10.11,230.35,9.39,23439.012396694216
6.33,92.68,97743.51,0.21,56.96,150111.13,10.69,303.9,12.25,23714.238546603476
5.77,66.25,79073.36,0.25,54.51,120350.89,10.79,173.14,11.05,20858.039861351823
6.23,195.52,112659.4,0.22,32.09,126599.35,8.94,227.87,9.81,20320.92295345104
5.9,162.47,68975.37,0.18,58.21,168491.88,7.69,225.75,9.71,28557.945762711865
6.73,88.03,60839.43,0.23,44.21,208911.07,11.26,176.83,10.18,31041.763744427935
7.7,104.64,73271.05,0.28,52.0,187573.36,7.9,242.21,11.91,24360.17662337662
7.14,118.14,74999.3,0.14,41.19,219858.5,8.17,176.42,10.17,30792.50700280112
6.65,55.68,93705.67,0.24,61.11,188455.23,7.82,145.94,9.83,28339.13233082707
7.32,65.27,59290.22,0.31,53.73,135701.54,8.05,168.82,8.07,18538.46174863388
6.7,156.49,94001.34,0.21,69.89,104918.43,9.76,269.04,5.12,15659.467164179103
7.83,137.76,83805.25,0.26,41.41,165664.22,7.55,154.73,6.52,21157.627075351214
7.94,110.28,71807.51,0.32,52.88,120380.29,8.79,148.31,9.46,15161.245591939545
5.39,99.87,74380.66,0.2,64.4,132852.35,6.9,205.87,10.31,24647.931354359927
8.13,185.25,74900.24,0.21,56.98,197203.57,9.65,187.65,13.17,24256.281672816727
7.54,142.14,60493.25,0.25,73.12,107969.17,8.33,244.92,6.16,14319.518567639258
10.2,108.57,91860.08,0.27,41.01,184509.96,10.6,194.06,8.25,18089.211764705884
5.95,180.83,91447.13,0.28,48.2,144481.48,10.97,232.97,10.96,24282.60168067227
9.46,183.64,69649.81,0.33,46.83,264483.57,9.07,222.24,10.73,27958.094080338265
8.05,142.25,67365.56,0.25,51.74,160393.31,10.14,197.01,9.58,19924.634782608693
9.18,146.45,103516.87,0.29,47.33,143883.6,8.4,159.92,11.0,15673.594771241831
8.44,127.35,85701.01,0.14,41.15,152977.26,9.46,239.54,9.39,18125.267772511852
6.21,167.93,117624.59,0.26,54.42,150349.79,6.1,257.52,11.41,24210.916264090178
7.8,130.41,53934.71,0.22,46.4,93563.5,11.08,190.13,11.45,11995.320512820514
5.48,168.98,102995.19,0.25,34.85,196090.49,11.83,227.04,9.64,35782.93613138686
8.55,147.0,74798.75,0.29,40.44,164156.64,10.07,224.08,7.18,19199.607017543858
7.42,82.89,52006.31,0.2,45.98,220074.82,8.53,143.66,8.49,29659.67924528302
4.7,157.13,91635.13,0.3,35.53,200456.61,4.6,183.75,8.48,42650.34255319148
5.89,130.15,104556.83,0.18,51.11,170932.27,5.99,158.4,9.16,29020.758913412563
6.3,144.16,82003.48,0.19,26.42,185397.58,8.41,233.27,8.86,29428.1873015873
6.79,184.96,67949.59,0.24,42.76,135314.33,8.82,238.7,8.54,19928.47275405007
5.99,129.96,74808.44,0.29,39.97,134795.33,8.84,273.15,7.99,22503.393989983302
7.69,172.59,75491.46,0.21,39.18,247440.28,5.55,135.99,7.76,32176.88946684005
8.49,154.99,80800.76,0.23,44.78,181725.02,7.76,166.87,5.57,21404.59599528857
10.43,143.09,53428.66,0.3,64.4,182698.8,5.78,142.12,9.61,17516.66347075743
7.76,163.33,88877.02,0.21,57.67,211867.37,11.49,172.17,13.08,27302.496134020617
7.99,98.19,70378.76,0.21,19.17,193055.24,7.86,195.71,11.79,24162.107634543176
7.53,115.42,80141.4,0.21,56.25,204496.47,8.89,224.54,12.23,27157.56573705179
7.75,130.78,78949.55,0.31,44.59,138694.29,8.81,221.46,9.66,17896.03741935484
4.99,134.45,80593.55,0.21,59.21,169155.39,9.24,245.68,11.07,33898.87575150301
8.14,144.0,95989.46,0.19,50.4,191294.11,8.0,233.31,6.92,23500.504914004912
6.99,123.61,51877.02,0.19,28.71,271107.56,11.79,288.85,7.43,38785.05865522174
8.61,133.23,54903.74,0.24,41.87,225283.88,10.64,243.5,10.36,26165.375145180027
6.77,149.76,89694.8,0.18,47.97,226516.1,10.61,288.45,10.24,33458.8035450517
8.5,193.84,99619.46,0.26,47.46,174667.37,8.68,239.78,10.31,20549.102352941176
6.99,131.94,69210.17,0.19,37.35,133682.65,8.09,286.56,9.64,19124.8426323319
8.67,190.57,76762.54,0.2,32.7,161403.08,9.62,280.36,10.59,18616.272202998844
7.67,94.5,77192.52,0.27,21.8,189853.92,8.88,226.74,16.19,24752.7926988266
5.61,65.23,70383.33,0.15,62.08,150077.13,7.91,184.49,12.1,26751.716577540104
5.71,168.33,89640.76,0.29,54.27,113841.62,7.96,166.19,12.19,19937.23642732049
8.13,197.22,83289.63,0.26,51.57,185731.47,5.35,193.15,6.43,22845.199261992617
7.34,129.52,99143.96,0.24,58.34,151672.55,11.72,142.08,6.86,20663.83514986376
7.87,121.55,60120.78,0.27,48.86,210557.81,6.42,164.06,8.69,26754.486658195678
9.86,142.78,78131.77,0.2,29.76,165397.8,7.5,216.11,10.38,16774.624746450303
9.33,163.74,94637.55,0.16,45.13,257893.14,10.72,192.13,7.3,27641.279742765273
9.38,142.49,74601.33,0.3,57.06,152386.48,10.54,214.19,5.59,16245.893390191897
4.21,215.1,86200.58,0.3,53.15,72800.62,7.45,237.97,9.65,17292.308788598573
7.31,153.45,99443.85,0.21,61.24,118221.8,8.47,266.92,7.61,16172.61285909713
8.17,147.28,81205.43,0.26,69.73,194135.75,10.64,198.26,10.89,23762.02570379437
7.53,106.18,87735.79,0.27,45.12,227846.01,8.67,163.7,12.75,30258.43426294821
6.3,172.92,103357.41,0.29,41.14,189847.36,10.68,178.43,11.67,30134.501587301587
7.78,186.35,88319.58,0.22,48.41,167237.48,10.03,200.71,11.74,21495.82005141388
7.39,119.87,85807.22,0.3,52.39,147573.7,7.56,138.1,14.85,19969.37753721245
9.5,106.27,65367.01,0.19,51.02,188983.98,7.72,239.93,9.2,19893.05052631579
7.89,114.63,57350.1,0.24,38.93,174968.29,9.88,238.23,8.27,22175.9556400507
6.7,125.73,59851.86,0.27,54.83,202552.66,11.67,202.75,10.71,30231.740298507462
8.55,114.22,69634.18,0.24,47.72,156473.87,8.03,187.14,8.58,18301.037426900584
7.33,165.56,92641.61,0.26,67.56,184029.43,10.04,198.87,12.38,25106.334242837653
6.94,84.56,94906.1,0.2,47.06,171177.5,5.55,214.65,14.12,24665.345821325645
4.42,161.38,65787.04,0.31,57.64,160660.64,8.67,240.44,7.92,36348.561085972855
7.38,117.41,96394.39,0.21,33.45,148467.63,8.01,175.53,10.91,20117.565040650406
7.46,184.15,63064.03,0.26,65.16,174808.37,8.03,223.81,9.77,23432.757372654156
7.81,129.83,90559.47,0.22,39.58,218429.6,9.94,181.92,10.66,27967.938540332907
6.3,163.21,74172.39,0.21,57.01,177931.48,8.56,221.36,9.23,28243.092063492066
8.3,174.85,60297.08,0.37,28.37,193971.71,12.39,201.95,6.96,23370.085542168672
5.53,120.17,71567.56,0.16,49.65,153540.48,10.53,153.68,7.97,27765.005424954794
6.98,168.49,103220.12,0.2,65.59,168403.15,9.32,209.78,8.0,24126.525787965613
6.03,141.25,81147.77,0.22,36.89,177450.0,10.42,205.68,12.3,29427.86069651741
9.81,148.18,51307.23,0.22,63.46,185510.34,9.7,191.67,12.32,18910.330275229357
9.59,115.35,83443.59,0.23,48.08,174098.47,6.69,210.07,12.64,18154.167883211678
8.36,144.98,69481.26,0.31,36.68,191488.81,8.61,257.4,9.7,22905.36004784689
5.81,159.11,54913.93,0.31,65.8,146210.5,10.39,193.76,7.59,25165.318416523238
8.62,167.11,57740.31,0.26,60.38,179536.41,8.99,162.28,10.28,20827.889791183297
3.99,120.65,88658.94,0.29,82.86,183288.12,10.74,155.55,10.5,45936.87218045112
4.94,173.54,93474.54,0.29,54.31,102741.91,7.53,189.18,10.71,20797.957489878543
6.66,124.35,76203.7,0.26,39.12,125738.2,11.7,220.83,8.94,18879.609609609608
5.97,183.08,71741.99,0.3,54.99,205327.81,8.95,281.39,7.23,34393.26800670017
7.46,150.05,79026.93,0.23,29.56,143131.29,8.28,178.87,10.13,19186.5
7.69,133.9,89949.1,0.26,50.69,268321.84,7.92,289.26,7.92,34892.30689206762
9.05,161.42,63035.19,0.34,36.41,180506.18,8.33,145.46,9.77,19945.434254143645
8.1,166.57,53164.81,0.22,54.64,145163.07,9.85,267.4,8.97,17921.36666666667
7.84,175.59,64512.0,0.22,50.81,212109.1,10.25,172.35,8.37,27054.732142857145
7.31,152.24,86206.31,0.28,57.18,149054.41,8.34,220.71,6.96,20390.48016415869
7.85,114.36,73860.2,0.24,52.52,170104.28,8.85,246.13,13.34,21669.335031847135
9.02,151.21,74758.63,0.33,53.62,155114.9,8.42,211.04,10.38,17196.773835920176
8.9,112.2,89488.74,0.22,49.49,158064.13,9.84,215.11,8.77,17760.014606741574
5.66,148.46,77090.08,0.26,51.93,214614.35,9.62,172.95,10.58,37917.729681978795
8.38,127.36,55081.93,0.2,40.71,182173.61,7.58,236.2,12.54,21739.094272076367
9.88,146.5,70024.52,0.27,43.66,163867.41,7.16,200.65,11.73,16585.77024291498
7.34,120.22,80273.46,0.28,45.68,134582.71,11.48,228.64,7.17,18335.51907356948
6.16,131.71,75530.76,0.27,73.98,206794.72,10.0,236.96,10.24,33570.57142857143
4.31,150.89,73033.97,0.27,34.95,145713.11,7.68,161.41,11.51,33808.146171693734
6.61,165.59,99843.89,0.38,41.99,206694.21,8.54,236.52,14.25,31269.925869894098
7.13,97.64,59082.07,0.29,53.38,159799.31,6.95,203.19,11.05,22412.245441795232
3.77,178.74,87257.62,0.21,57.86,184030.51,11.53,177.84,11.59,48814.45888594165
5.21,156.97,92744.67,0.28,35.18,170986.07,8.2,165.94,10.08,32818.82341650672
7.6,136.18,93493.42,0.22,25.29,169736.21,8.64,200.69,10.79,22333.711842105262
6.34,164.15,105684.57,0.27,36.71,167310.86,8.73,147.97,10.38,26389.725552050473
8.44,95.69,49077.15,0.17,47.85,163990.31,7.89,193.77,13.38,19430.13151658768
5.25,159.37,89737.22,0.17,60.67,227845.35,8.19,237.39,9.15,43399.114285714284
7.93,187.35,90906.84,0.28,30.21,214334.05,8.67,129.77,10.06,27028.25346784363
8.64,156.89,87830.31,0.24,31.48,252763.09,8.68,202.65,9.31,29254.987268518515
5.89,50.8,80267.48,0.3,43.33,205157.56,6.87,136.32,12.46,34831.504244482174
5.66,140.11,80515.91,0.33,48.73,162220.82,7.79,216.77,8.9,28660.9222614841
7.98,164.23,73382.35,0.22,49.48,200272.46,7.77,224.83,12.28,25096.799498746866
7.32,128.25,96491.96,0.25,58.84,186882.36,9.42,219.52,10.53,25530.377049180326
8.25,119.84,68767.82,0.27,36.45,240466.94,7.46,143.39,10.45,29147.507878787877
7.82,94.18,94789.23,0.32,56.1,178753.59,9.35,207.89,10.62,22858.51534526854
8.97,116.55,68946.48,0.25,46.5,126714.97,8.31,232.19,10.49,14126.529542920847
7.8,143.64,70326.56,0.24,46.01,164880.41,7.12,198.34,11.65,21138.514102564102
8.84,117.46,109234.45,0.22,53.99,231139.41,9.85,268.15,7.4,26146.992081447963
8.08,138.2,80115.1,0.26,50.74,153002.49,9.35,169.27,11.99,18935.951732673268
10.21,171.35,88566.54,0.26,51.05,208299.49,9.7,202.55,11.32,20401.517140058764
8.59,153.02,78874.59,0.27,49.39,244075.95,8.27,179.36,11.24,28413.963911525032
5.89,123.36,78520.87,0.29,56.29,179535.6,6.96,234.85,11.19,30481.426146010188
6.92,146.72,73255.25,0.27,38.78,243689.0,6.06,220.23,9.37,35215.173410404626
6.85,128.56,81071.31,0.36,67.82,188032.97,10.53,213.32,5.91,27450.068613138686
10.25,129.59,86893.63,0.31,44.77,128935.27,11.35,205.73,12.69,12579.050731707317
8.45,159.2,62212.78,0.15,44.14,228602.62,7.3,173.58,7.64,27053.56449704142
9.91,100.77,105957.77,0.25,46.29,253284.78,8.9,161.31,9.79,25558.50454086781
7.68,197.02,60818.96,0.28,53.5,151767.84,11.41,244.66,10.82,19761.4375
7.35,143.17,75040.12,0.24,32.15,132331.23,8.21,211.12,14.44,18004.248979591837
7.67,138.5,77407.8,0.24,56.74,216886.94,8.67,175.52,7.58,28277.30638852673
7.47,176.34,75433.13,0.31,43.31,228128.51,9.49,214.43,5.84,30539.29183400268
4.84,134.64,93338.95,0.18,61.08,221455.44,7.17,225.45,10.09,45755.25619834711
4.71,174.75,81700.02,0.27,50.58,181271.36,8.09,138.71,8.19,38486.48832271762
5.31,115.21,78370.75,0.31,42.68,199317.2,9.92,201.45,8.11,37536.19585687383
6.48,83.16,84496.92,0.26,72.2,184443.53,10.48,194.8,12.85,28463.507716049382
9.91,158.12,55641.23,0.28,60.13,143413.85,9.2,299.01,10.1,14471.629667003028
11.65,126.93,73105.92,0.19,54.8,220682.62,7.28,241.08,11.3,18942.714163090128
6.64,145.52,96660.17,0.21,54.01,234441.49,5.54,262.06,8.66,35307.45331325301
8.73,132.24,56734.61,0.27,41.79,189983.7,10.79,212.79,8.82,21762.16494845361
7.05,118.75,69564.79,0.3,57.42,272163.59,7.73,199.94,13.4,38604.7645390071
6.93,167.45,71919.11,0.23,65.46,267102.17,5.84,198.71,12.67,38542.881673881675
9.23,135.2,55165.41,0.23,56.06,138203.0,8.16,201.67,10.97,14973.239436619717
8.55,126.83,87365.06,0.28,45.49,179372.48,7.78,205.76,6.03,20979.237426900585
6.6,126.34,90190.72,0.3,47.06,181026.89,7.27,168.06,6.65,27428.31666666667
7.9,116.79,98112.55,0.3,44.03,101930.3,9.17,272.69,10.14,12902.569620253164
6.12,146.85,67704.27,0.21,42.75,228943.19,8.41,164.02,5.91,37409.01797385621
6.76,154.67,70029.49,0.18,43.89,126865.93,7.06,167.86,7.95,18767.14940828402
6.62,149.92,83568.13,0.28,52.17,244722.74,9.26,211.57,10.51,36967.181268882174
6.07,124.33,63903.63,0.27,59.08,155146.73,8.71,129.12,14.52,25559.593080724877
9.77,176.5,86181.07,0.36,51.68,228056.68,9.97,216.06,12.26,23342.546571136132
5.91,153.37,73295.34,0.28,34.98,276465.61,9.25,228.26,13.1,46779.291032148896
8.33,101.07,97640.16,0.28,44.75,245967.65,4.72,139.0,9.01,29527.929171668668
6.01,131.86,61551.75,0.31,60.76,197200.54,9.15,258.15,11.52,32812.06988352746
7.55,158.52,81679.73,0.2,51.32,131362.49,8.32,167.75,9.39,17399.005298013246
7.97,129.11,83118.8,0.16,36.82,276734.23,5.36,216.66,12.49,34721.98619824341
6.29,144.3,63355.86,0.21,49.75,210062.53,6.46,170.43,5.97,33396.26868044515
7.5,126.95,87939.5,0.29,55.62,194968.67,11.06,183.33,11.17,25995.822666666667
5.21,132.21,38000.54,0.24,60.9,155773.77,9.44,220.68,8.15,29898.996161228406
7.23,162.59,102059.93,0.19,60.89,157333.18,7.49,197.87,14.68,21761.15905947441
6.82,123.17,86497.76,0.24,50.23,200166.18,8.55,227.31,9.8,29349.879765395894
7.43,142.55,82707.02,0.26,57.59,175583.95,9.39,234.41,7.82,23631.75639300135
7.39,116.21,79258.0,0.3,44.63,205108.1,12.02,279.33,11.09,27754.817320703656
5.73,176.68,57633.8,0.33,23.94,165662.15,11.21,153.16,8.59,28911.36998254799
5.98,141.32,73347.18,0.25,45.32,181647.18,7.86,173.33,10.38,30375.78260869565
9.08,185.48,86750.82,0.29,80.97,133140.67,9.74,256.48,13.27,14663.069383259914
7.2,170.02,73000.72,0.28,41.84,176601.34,10.85,180.64,11.03,24527.963888888888
8.05,192.94,98806.02,0.28,48.44,135113.98,7.18,200.86,5.71,16784.345341614906
7.72,126.02,68349.59,0.29,69.26,137861.24,10.72,177.1,9.3,17857.673575129535
6.41,154.24,39386.51,0.26,39.89,205811.88,10.5,221.81,7.88,32107.9375975039
8.62,80.27,89421.54,0.25,42.53,192077.27,8.47,172.34,8.54,22282.745939675176
8.59,142.62,70042.5,0.29,62.86,272700.65,9.55,228.82,11.65,31746.29220023283
8.53,108.63,70832.17,0.18,63.22,113603.78,8.77,179.05,14.19,13318.145369284877
7.98,182.57,74653.59,0.19,51.29,204564.23,10.44,110.79,4.94,25634.61528822055
7.2,93.19,92659.27,0.29,76.9,233404.18,10.04,194.22,11.27,32417.24722222222
6.53,83.31,93617.79,0.26,41.81,204561.45,8.46,150.59,15.49,31326.408882082695
8.47,131.46,65805.29,0.19,51.07,173848.59,9.85,211.8,12.06,20525.217237308145
8.13,114.48,48139.59,0.26,54.73,49986.66,8.83,271.19,13.07,6148.420664206642
7.61,97.69,78646.36,0.17,51.7,185620.36,9.47,162.0,7.88,24391.637319316687
7.53,122.4,68220.23,0.23,43.38,172236.79,11.55,211.08,9.33,22873.411686586987
6.85,170.29,86452.14,0.23,34.94,159692.29,10.38,213.41,7.73,23312.743065693434
5.77,107.65,64127.8,0.27,68.55,202386.46,10.56,183.16,11.6,35075.642980935874
6.64,136.92,81774.95,0.19,56.42,141796.71,4.04,234.39,11.04,21354.926204819276
8.92,128.77,95557.57,0.29,39.32,145096.22,7.43,259.24,9.4,16266.392376681615
4.89,145.92,88895.81,0.35,63.44,142209.89,9.71,131.09,12.44,29081.777096114525
5.24,116.77,68527.26,0.26,47.75,150920.21,6.98,233.17,9.13,28801.566793893126
8.67,124.04,108759.32,0.29,41.41,198834.75,8.93,240.63,7.16,22933.650519031144
9.88,148.68,67623.54,0.18,51.79,183941.04,8.33,185.45,10.73,18617.514170040486
5.96,113.82,60122.64,0.23,74.72,199820.66,7.66,209.79,10.76,33526.95637583893
9.11,91.07,70825.92,0.18,42.56,159088.75,8.88,205.84,8.46,17463.09001097695
9.11,132.34,58747.65,0.37,49.64,149099.66,10.11,180.45,9.73,16366.592755214051
7.09,119.37,84188.6,0.24,37.16,153931.83,7.78,250.56,11.99,21711.118476727785
10.54,102.49,88455.1,0.24,49.73,221751.08,10.78,148.33,11.7,21039.001897533206
10.52,108.91,85921.36,0.27,62.16,208977.13,7.28,153.65,13.58,19864.746197718632
6.6,164.47,56442.87,0.3,62.1,216606.89,6.79,283.17,12.07,32819.22575757576
6.33,148.06,76292.43,0.3,55.68,203529.47,8.09,231.94,9.94,32153.154818325434
11.1,118.58,70594.58,0.23,64.06,225401.47,9.88,180.69,15.78,20306.43873873874
9.12,123.0,67266.43,0.21,56.46,165179.47,11.19,120.12,11.44,18111.783991228072
6.98,105.83,84947.35,0.18,51.54,169155.61,8.14,231.59,11.05,24234.32808022922
8.54,184.33,103971.66,0.27,60.62,244694.35,7.13,161.0,10.6,28652.734192037475
8.11,148.83,80473.84,0.27,51.36,239069.75,9.97,132.81,8.37,29478.390875462395
7.94,88.86,85477.54,0.18,44.13,209590.37,8.68,266.95,9.36,26396.772040302265
10.51,94.56,87628.03,0.18,45.82,126361.12,7.41,214.58,11.17,12022.941960038059
5.21,152.91,55076.29,0.27,48.36,202050.24,7.29,223.65,10.55,38781.236084452976
6.93,104.42,81524.84,0.23,63.48,200272.1,11.16,191.47,9.91,28899.292929292933
8.17,110.96,80452.11,0.29,48.25,191593.2,11.27,238.62,10.88,23450.820073439416
7.04,175.69,65294.18,0.19,50.22,191009.95,9.36,250.47,9.54,27132.095170454548
7.14,133.79,78367.27,0.25,46.31,141676.82,10.29,213.06,11.75,19842.6918767507
4.76,143.73,96125.32,0.29,40.25,148980.69,7.73,189.49,9.99,31298.464285714286
6.06,149.48,35094.4,0.19,68.3,149815.82,10.77,271.11,11.03,24722.082508250827
5.96,188.76,90718.25,0.19,59.03,174448.14,9.2,244.57,6.27,29269.822147651008
10.56,194.32,107102.88,0.18,32.11,241530.63,9.65,202.75,9.26,22872.21875
7.03,128.87,62573.73,0.32,65.16,153584.75,8.67,251.67,9.94,21847.048364153627
9.74,128.99,108052.08,0.15,45.26,172743.76,8.72,197.41,7.58,17735.498973305956
6.42,143.08,93603.06,0.25,47.05,257669.84,10.03,257.27,10.03,40135.48909657321
6.74,111.41,77575.34,0.26,60.05,173419.42,10.98,246.58,8.52,25729.884272997035
8.01,124.61,78305.28,0.25,80.41,263450.56,6.16,176.58,10.61,32890.20724094882
6.75,181.49,87163.83,0.17,39.45,219923.37,10.85,184.89,11.44,32581.239999999998
10.96,148.7,72305.39,0.24,74.42,97189.06,9.96,201.95,9.3,8867.614963503649
7.3,126.21,89683.97,0.28,47.13,250717.15,9.38,174.0,10.99,34344.81506849315
7.77,153.72,77502.72,0.21,55.99,172990.27,8.83,253.23,13.1,22263.87001287001
8.66,158.56,82458.86,0.34,57.02,213816.26,7.3,171.89,7.61,24690.099307159355
7.93,139.46,83893.93,0.27,46.0,130473.55,9.77,181.39,11.82,16453.15889029004
7.84,88.55,70573.36,0.23,28.06,144806.43,9.17,241.55,11.13,18470.207908163266
6.32,193.45,95106.77,0.26,61.5,150209.75,8.27,119.2,7.92,23767.36550632911
6.69,147.45,59372.76,0.29,46.69,166631.72,9.09,219.68,10.26,24907.581464872943
4.61,136.26,92134.83,0.28,57.68,214403.4,11.13,244.22,10.39,46508.32971800434
6.03,158.74,118190.82,0.23,40.63,214053.68,9.41,210.3,8.57,35498.12271973466
7.66,165.65,75464.76,0.31,51.64,218825.35,8.53,141.71,6.2,28567.27806788512
7.97,160.6,91876.18,0.3,39.63,188245.42,7.11,182.43,12.98,23619.249686323717
7.91,109.07,78380.24,0.25,44.16,161968.62,10.08,267.55,14.19,20476.437420986094
5.15,87.74,104057.99,0.2,58.18,166012.05,7.19,183.8,7.65,32235.349514563102
7.22,133.32,67405.87,0.18,46.27,240261.15,8.37,200.8,11.58,33277.167590027704
9.16,191.16,89934.6,0.31,51.7,192950.2,10.11,226.24,6.59,21064.432314410482
5.61,160.19,60393.52,0.32,65.58,207471.02,8.86,201.23,11.41,36982.35650623885
7.49,199.57,68860.11,0.2,63.39,201434.28,9.02,196.23,11.25,26893.762349799734
5.1,169.64,63273.11,0.26,56.98,141992.98,10.62,147.26,11.81,27841.76078431373
7.91,131.79,97439.72,0.27,49.98,139201.25,9.05,116.53,9.39,17598.135271807838
4.97,108.81,103435.32,0.29,55.35,206758.58,8.49,179.54,11.23,41601.32394366197
8.63,125.62,87027.85,0.25,54.97,190017.21,9.41,298.16,10.6,22018.21668597914
10.27,119.11,67225.74,0.27,62.71,148497.94,11.73,192.93,9.0,14459.390457643623
9.08,132.95,80289.36,0.2,66.35,175126.18,11.06,208.67,10.56,19287.02422907489
8.93,83.24,61658.75,0.2,62.78,192764.83,5.58,214.08,8.28,21586.207166853303
8.06,121.98,79527.93,0.24,46.01,189006.84,9.72,213.07,9.32,23449.980148883373
8.79,128.05,71421.46,0.29,42.15,179915.53,9.6,299.35,11.12,20468.205915813425
9.79,84.39,63833.84,0.27,57.96,263990.1,8.81,183.32,9.67,26965.280898876405
5.12,175.95,70415.22,0.24,49.48,214832.7,7.0,235.75,12.74,41959.51171875
7.35,134.94,65414.97,0.29,46.33,167496.9,8.23,197.18,13.94,22788.69387755102
10.34,160.02,77078.16,0.14,26.86,215834.04,8.58,152.87,9.39,20873.698259187622
9.31,166.89,96567.17,0.23,54.44,181358.28,7.67,143.64,10.41,19479.944146079484
7.29,148.21,88099.26,0.21,44.92,193791.0,9.05,215.62,8.97,26583.12757201646
9.6,155.08,89833.32,0.22,34.55,229822.27,7.41,206.07,9.73,23939.819791666665
9.07,139.9,98531.48,0.23,41.59,205093.12,7.71,159.56,6.56,22612.25137816979
5.44,95.66,100341.6,0.23,53.9,194712.78,5.4,184.41,11.5,35792.79044117647
6.97,132.47,55944.06,0.32,60.27,199064.54,7.23,167.86,7.54,28560.192252510762
7.96,143.67,84383.98,0.26,59.92,142753.39,7.6,240.37,7.89,17933.84296482412
8.99,162.91,81869.95,0.31,63.51,167119.52,8.9,248.63,12.59,18589.490545050056
8.79,145.49,71835.88,0.29,59.09,94672.62,7.89,281.44,4.75,10770.491467576792
7.0,133.54,83780.51,0.18,44.25,152166.8,6.53,225.67,9.87,21738.114285714284
6.9,134.85,88774.3,0.27,63.8,190707.85,10.0,149.31,11.72,27638.81884057971
7.4,155.03,82826.8,0.28,41.84,188129.91,7.85,88.65,9.63,25422.96081081081
5.57,97.06,97111.79,0.24,58.0,243582.53,9.21,212.04,12.48,43731.15439856373
8.36,154.18,64726.19,0.24,60.53,185879.69,9.68,253.35,10.62,22234.41267942584
9.47,138.94,91608.16,0.25,20.88,219855.54,6.61,178.41,13.96,23216.00211193242
9.36,95.38,72867.73,0.3,35.71,153896.08,11.92,223.09,8.84,16441.888888888887
7.69,107.89,83917.77,0.18,46.01,159464.13,10.65,156.0,8.26,20736.557867360207
7.83,143.71,72408.66,0.27,41.04,145507.72,8.39,207.59,9.45,18583.361430395915
5.77,150.69,75128.87,0.22,55.09,256035.55,9.12,168.82,7.81,44373.57885615251
7.58,218.97,92436.48,0.23,50.27,219513.38,8.75,141.32,6.06,28959.548812664907
7.6,177.42,76384.05,0.24,51.21,203336.2,10.65,221.45,10.43,26754.76315789474
8.35,148.64,71146.78,0.29,63.67,115295.14,10.58,196.05,7.6,13807.801197604791
6.74,153.44,99882.5,0.25,53.34,269293.84,7.88,208.28,10.5,39954.57566765579
8.77,110.68,80529.43,0.25,50.69,149728.79,10.63,206.83,7.98,17072.838084378564
7.55,124.17,130666.52,0.27,42.19,142615.64,8.46,191.17,11.65,18889.488741721856
8.49,141.03,78890.23,0.14,57.92,172733.56,9.89,197.9,8.58,20345.53121319199
8.02,139.46,70759.59,0.29,32.14,224726.74,10.19,185.21,8.63,28020.79052369077
9.5,156.15,105776.59,0.28,27.47,166443.66,7.59,165.17,11.62,17520.385263157896
5.08,134.41,71939.56,0.33,66.72,171501.65,9.12,143.09,9.02,33760.16732283464
8.09,75.39,100773.07,0.22,35.71,177739.76,8.24,278.33,12.79,21970.304079110014
8.1,132.22,76629.8,0.25,67.38,231752.71,6.46,164.57,9.44,28611.445679012348
8.53,133.86,98483.06,0.21,64.84,209427.23,7.34,202.56,9.56,24551.844079718645
7.21,153.73,77201.4,0.3,49.54,148685.34,10.56,226.96,10.33,20622.099861303745
7.97,107.09,73957.5,0.26,37.35,257606.27,8.49,172.96,9.19,32321.99121706399
9.33,149.73,56355.37,0.35,49.76,207747.92,8.3,205.75,9.12,22266.658092175778
5.9,150.77,62344.53,0.33,60.2,157647.35,6.31,197.18,9.41,26719.889830508473
7.81,167.5,83474.72,0.3,60.98,215478.1,8.57,180.11,10.33,27590.025608194625
6.27,137.42,85043.94,0.28,57.07,233397.87,10.65,142.28,12.91,37224.54066985646
8.34,107.88,86032.97,0.26,55.67,145660.96,8.35,284.04,7.33,17465.34292565947
9.42,110.58,82451.42,0.23,38.63,164007.09,9.29,266.8,8.72,17410.519108280256
9.23,96.81,92229.86,0.26,54.17,139811.81,7.59,162.52,8.33,15147.541711809317
5.1,112.4,111576.3,0.24,49.69,146679.67,6.08,190.04,11.13,28760.71960784314
8.25,198.91,97204.44,0.31,50.22,221147.95,7.65,254.36,10.39,26805.812121212122
7.13,104.92,69593.5,0.3,53.5,134841.47,7.1,270.84,11.46,18911.847124824686
8.37,149.65,65858.37,0.26,54.28,160959.29,9.88,141.78,10.42,19230.500597371567
7.15,148.75,65149.79,0.33,50.81,178483.41,9.23,181.33,11.39,24962.714685314684
6.37,159.17,101508.27,0.28,42.96,166352.01,9.24,226.24,10.02,26114.915227629514
4.61,141.21,71701.38,0.15,56.13,152061.05,7.91,263.91,8.65,32985.04338394794
9.37,131.66,71724.87,0.25,54.56,187244.49,8.67,201.08,6.31,19983.40341515475
3.38,152.36,80325.7,0.17,40.49,132514.79,9.99,174.89,7.77,39205.55917159763
9.42,153.52,101831.02,0.28,61.97,167441.91,8.25,163.66,10.95,17775.149681528663
8.51,148.49,50861.44,0.26,51.85,184401.39,3.55,137.41,10.4,21668.788484136312
5.2,125.38,73462.14,0.25,20.32,189893.33,9.17,181.62,10.26,36517.94807692307
7.08,149.47,47303.17,0.17,53.47,237872.91,7.85,177.4,13.84,33597.8686440678
8.84,180.58,65432.15,0.25,57.39,147648.24,9.04,186.43,12.97,16702.28959276018
7.62,79.95,72267.96,0.23,42.75,227389.76,7.96,255.68,13.39,29841.175853018372
6.92,100.54,95419.39,0.26,45.86,176145.55,12.11,221.78,11.09,25454.559248554913
9.35,124.21,85944.8,0.22,58.7,180641.47,10.6,251.28,11.62,19319.943315508022
7.91,158.37,72797.46,0.3,53.52,194081.54,8.27,213.2,8.96,24536.22503160556
6.63,185.18,104071.03,0.15,69.43,157533.58,5.76,127.71,4.48,23760.7209653092
10.18,135.55,96418.44,0.21,48.05,195184.4,10.5,188.13,11.59,19173.320235756386
8.71,157.37,75795.76,0.25,43.7,154939.99,10.17,173.08,12.84,17788.74741676234
6.23,152.99,84930.24,0.19,48.55,187303.51,9.86,208.0,8.44,30064.768860353128
8.91,78.16,78855.83,0.3,58.98,216921.34,8.01,205.85,9.52,24345.829405162738
4.85,111.04,47366.77,0.27,58.26,122129.72,8.58,187.24,6.88,25181.38556701031
8.99,126.29,61643.83,0.31,40.94,226687.84,7.07,180.39,7.23,25215.555061179086
10.0,144.06,73489.5,0.19,47.97,207044.15,8.77,241.01,10.87,20704.415
8.31,157.64,87704.14,0.28,55.22,119263.12,7.64,164.57,12.44,14351.759326113115
6.31,103.12,92764.74,0.23,48.17,146065.34,6.68,212.26,10.55,23148.231378763867
7.21,104.2,65609.68,0.25,45.86,197691.27,8.19,177.61,11.32,27419.038834951454
8.95,150.31,60278.77,0.21,64.17,104206.63,8.55,166.2,8.29,11643.198882681565
9.38,137.56,114995.25,0.21,34.3,228896.09,8.0,238.06,10.58,24402.568230277182
8.09,119.47,99468.75,0.18,49.2,206083.21,6.17,183.64,8.02,25473.820766378245
9.65,137.08,72162.19,0.24,37.09,234043.56,7.13,257.88,11.88,24253.21865284974
7.15,124.91,84518.64,0.27,29.02,204160.99,9.12,184.35,8.18,28553.984615384612
6.89,154.76,97775.1,0.17,38.77,180512.57,9.58,212.41,10.56,26199.211901306244
8.09,107.5,88226.95,0.23,61.79,172880.55,10.04,206.43,8.6,21369.660074165637
8.39,184.82,67304.03,0.35,50.05,170009.1,8.03,165.54,9.84,20263.301549463646
8.29,127.82,42148.14,0.2,54.03,122730.81,10.81,98.87,10.56,14804.681544028952
6.24,171.27,75376.76,0.28,51.22,186347.33,10.01,234.0,11.18,29863.354166666664
7.37,164.33,60369.74,0.18,38.92,170766.04,7.31,203.91,10.51,23170.426051560382
7.41,146.29,71179.72,0.27,54.32,178153.52,9.3,147.34,8.79,24042.310391363022
6.89,157.97,90360.51,0.29,41.74,161072.68,9.52,150.15,12.77,23377.74746008708
7.22,137.99,65383.21,0.18,62.66,223426.88,7.27,89.82,10.16,30945.551246537398
6.81,122.58,71009.66,0.16,49.63,220673.24,8.82,238.26,8.19,32404.29368575624
8.18,132.64,88782.82,0.26,46.84,155216.0,10.36,164.83,9.35,18975.061124694377
6.85,155.84,67108.1,0.37,40.92,138232.51,9.72,209.89,11.22,20179.928467153288
6.01,114.25,90178.24,0.27,53.58,150509.53,9.9,244.76,12.4,25043.183028286192
4.95,148.21,85508.0,0.18,47.07,261797.55,9.3,203.19,12.08,52888.393939393936
8.41,183.02,101987.54,0.32,70.55,188581.32,6.89,175.66,10.57,22423.462544589773
6.94,189.96,81160.46,0.21,51.1,225732.17,7.72,207.44,12.21,32526.249279538904
6.17,165.31,73965.35,0.36,67.81,208019.88,7.72,196.47,9.36,33714.729335494325
7.36,119.4,71339.87,0.2,56.97,185659.16,9.88,219.72,8.48,25225.429347826088
6.85,147.36,83250.79,0.19,58.05,166280.23,9.14,213.42,9.5,24274.486131386864
7.81,144.96,79399.44,0.24,51.49,173442.96,9.54,200.45,7.95,22207.80537772087
8.96,98.92,60654.86,0.29,48.11,238013.61,8.65,149.93,7.31,26564.018973214283
7.71,102.72,81462.33,0.23,41.33,122462.93,10.45,103.14,10.75,15883.64850843061
6.3,107.69,64795.91,0.31,52.96,100548.38,8.69,242.21,8.57,15960.060317460318
6.09,114.91,77593.25,0.27,41.35,236810.84,7.41,219.48,10.93,38885.19540229885
6.36,69.33,67944.15,0.23,55.67,166121.06,8.06,193.12,13.52,26119.663522012575
5.95,146.73,85949.42,0.29,58.25,159929.69,10.25,219.59,5.85,26878.93949579832
8.28,159.69,76281.26,0.23,41.39,197632.79,11.2,231.45,9.08,23868.69444444445
6.61,160.33,81521.34,0.23,54.61,213111.01,10.12,204.26,8.11,32240.69742813918
5.68,165.2,81932.74,0.23,52.56,182633.94,13.01,204.44,13.58,32153.86267605634
7.46,80.7,66828.17,0.32,70.7,159126.78,7.51,177.48,10.06,21330.667560321715
7.99,188.03,81280.16,0.25,47.52,160498.22,8.47,183.56,12.99,20087.38673341677
7.0,114.66,74751.72,0.25,43.37,135383.2,8.89,198.61,11.33,19340.457142857143
6.85,132.62,85044.84,0.24,43.75,136713.67,8.6,212.42,8.27,19958.200000000004
7.88,119.88,67530.68,0.3,44.25,200123.57,9.78,235.05,9.28,25396.392131979697
8.48,104.07,71162.59,0.28,51.69,171922.16,8.54,172.85,12.64,20273.83962264151
6.8,173.99,78952.22,0.31,48.59,202861.23,8.34,162.02,12.08,29832.533823529415
5.69,132.18,79137.46,0.22,52.65,91668.88,10.19,174.7,10.99,16110.523725834797
8.91,101.78,71761.42,0.22,44.65,152155.32,7.53,195.98,11.71,17076.915824915824
8.53,121.07,76798.51,0.19,61.37,181875.14,11.82,229.4,7.02,21321.821805392734
7.06,142.31,64421.89,0.29,33.02,203076.82,7.36,248.34,12.0,28764.422096317285
8.13,128.2,93663.61,0.2,45.42,187544.49,8.39,155.56,11.82,23068.20295202952
7.43,133.29,53060.26,0.24,43.73,149249.33,11.32,206.19,11.86,20087.393001345896
7.35,144.19,62281.98,0.22,55.24,223341.94,11.38,188.04,11.76,30386.658503401362
6.03,138.79,30183.28,0.21,40.03,162386.97,9.63,182.73,9.51,26929.84577114428
8.05,135.94,77590.2,0.25,52.04,190213.13,10.31,115.06,8.95,23628.960248447205
8.22,217.18,101336.34,0.28,48.66,254314.01,8.39,197.83,6.87,30938.44403892944
6.28,58.33,63710.55,0.29,45.06,125475.88,9.4,245.66,10.12,19980.23566878981
10.75,189.36,58341.07,0.27,37.92,124661.31,8.37,225.1,10.73,11596.400930232558
9.45,206.99,61987.72,0.26,55.69,173667.22,11.79,202.12,10.57,18377.483597883598
7.79,114.33,63404.84,0.23,68.17,193248.91,12.21,178.59,7.49,24807.305519897305
7.67,142.88,93347.85,0.25,50.84,105539.47,11.94,175.86,9.04,13760.03520208605
8.13,86.84,101665.15,0.3,52.82,191450.93,8.82,251.4,8.83,23548.699876998766
6.43,187.24,72954.05,0.22,60.69,144905.77,9.14,170.63,8.86,22535.889580093313
9.74,166.85,71394.45,0.25,49.17,176748.82,10.57,234.29,12.39,18146.69609856263
5.72,123.11,84350.57,0.2,36.2,181653.07,8.85,160.34,9.91,31757.529720279723
8.08,106.75,87980.34,0.27,53.76,196615.18,8.24,157.26,9.7,24333.561881188118
10.12,127.64,91359.56,0.18,66.78,156666.28,10.19,205.94,12.07,15480.857707509882
7.05,115.15,79936.06,0.33,36.59,184994.7,9.29,201.79,9.1,26240.382978723406
7.46,147.36,67078.35,0.28,41.74,148425.91,8.15,170.75,10.93,19896.2345844504
6.74,148.99,75732.35,0.25,44.3,167239.68,8.37,209.72,12.58,24813.00890207715
9.4,120.05,87294.31,0.24,50.56,255514.36,7.84,191.33,9.57,27182.378723404254
9.61,131.98,82791.4,0.22,53.9,227315.8,7.82,152.11,6.92,23654.089490114464
7.72,172.99,102117.46,0.36,49.45,174113.79,9.22,245.4,9.65,22553.599740932645
8.36,190.35,93095.99,0.27,45.23,198921.81,7.66,145.19,12.51,23794.474880382775
8.49,122.16,73907.73,0.32,55.95,188491.98,9.7,149.67,9.14,22201.64664310954
8.57,138.1,77612.76,0.29,39.48,177829.82,9.19,192.72,11.26,20750.2707117853
6.72,106.51,55717.66,0.29,54.56,171593.78,9.78,144.47,10.08,25534.78869047619
8.45,114.96,88148.85,0.25,48.69,200402.66,11.05,211.85,10.98,23716.29112426036
7.13,127.2,84213.93,0.22,47.6,202215.19,9.62,212.91,12.24,28361.176718092567
6.91,115.25,100191.55,0.33,50.15,178203.22,9.47,189.17,13.35,25789.178002894354
8.71,186.22,61727.36,0.25,56.38,167263.33,11.04,207.48,11.11,19203.59701492537
10.58,167.53,70170.09,0.2,50.07,270502.75,9.46,205.58,9.53,25567.367674858222
8.81,135.49,96505.89,0.28,73.85,137179.67,6.86,213.76,10.49,15570.904653802498
7.77,167.74,38490.12,0.32,84.29,248038.86,8.88,243.77,11.69,31922.633204633206
10.98,150.1,52886.16,0.19,45.69,211716.21,8.7,203.79,10.43,19281.98633879781
8.99,105.51,94642.08,0.22,59.41,100827.21,6.66,258.43,4.87,11215.484983314795
9.39,137.66,83930.25,0.15,48.0,239677.72,9.19,141.71,9.49,25524.78381256656
5.48,134.52,96895.9,0.41,38.23,214969.61,7.16,217.7,10.3,39228.031021897805
9.29,100.63,86770.21,0.31,47.02,167843.09,8.56,176.18,7.38,18067.071044133478
5.58,92.89,64548.71,0.16,52.72,84675.51,4.73,186.08,6.91,15174.822580645161
5.76,111.76,34490.16,0.21,57.0,83248.98,10.41,270.46,4.49,14452.947916666666
7.0,120.29,71706.14,0.25,54.01,162659.53,6.45,226.76,11.46,23237.075714285715
5.66,149.15,82791.03,0.22,43.21,216776.34,10.13,299.08,10.5,38299.70671378091
7.79,163.36,58233.44,0.22,38.29,216535.64,9.96,250.88,12.05,27796.6161745828
8.88,126.77,69536.87,0.29,52.82,175545.82,6.61,162.36,11.93,19768.67342342342
5.2,167.46,67003.28,0.29,52.9,174062.82,6.13,250.46,10.6,33473.61923076923
7.21,167.53,110266.64,0.19,41.33,178348.77,9.82,243.02,13.12,24736.30651872399
7.65,140.79,74613.03,0.2,45.47,197828.37,7.43,185.31,8.24,25859.91764705882
7.59,147.44,74361.08,0.31,52.08,224167.01,10.0,182.92,10.97,29534.52042160738
6.52,117.18,90623.99,0.26,51.35,240323.31,9.61,217.9,9.74,36859.40337423313
7.88,178.85,60350.35,0.19,64.63,193206.0,11.35,210.85,8.5,24518.527918781725
6.57,82.6,87598.82,0.31,44.44,208624.36,9.55,154.7,14.97,31754.088280060878
7.28,43.02,78290.05,0.24,58.22,114139.54,11.32,200.38,11.25,15678.50824175824
7.92,147.36,71131.77,0.25,55.8,228381.26,8.01,191.17,7.05,28836.01767676768
8.22,94.25,88077.55,0.23,54.66,215269.86,7.67,143.21,10.81,26188.54744525547
10.47,144.37,36370.09,0.22,41.25,186145.97,7.61,293.63,11.44,17778.9847182426
8.87,143.7,87338.18,0.29,43.95,195440.98,8.06,261.2,8.79,22033.93235625705
4.94,101.69,95050.49,0.27,41.61,197649.59,10.8,192.44,10.09,40010.03846153846
8.96,137.52,76360.0,0.17,35.13,121411.73,6.93,179.22,10.87,13550.416294642855
7.67,116.16,46634.24,0.26,52.91,241514.2,9.13,186.37,9.6,31488.161668839635
8.12,116.2,67167.08,0.32,51.4,185999.8,9.63,276.85,11.54,22906.37931034483
7.05,167.99,90881.28,0.28,38.57,197579.43,9.65,207.72,8.56,28025.451063829787
8.21,209.0,96041.71,0.19,43.19,134056.67,11.89,142.18,9.2,16328.461632155908
7.17,172.69,87877.54,0.32,54.54,158205.2,10.27,260.76,10.78,22064.88145048815
7.2,190.33,74273.43,0.25,49.47,154390.78,9.81,264.38,10.99,21443.16388888889
8.0,106.25,76073.29,0.26,50.9,119797.13,9.55,175.24,11.41,14974.64125
7.6,158.31,85775.83,0.26,40.17,192465.37,8.23,171.44,7.59,25324.390789473684
6.13,151.33,83939.63,0.24,47.46,197520.94,12.09,161.37,10.23,32222.013050570964
4.95,107.79,77383.34,0.28,32.58,216923.49,7.97,154.05,7.72,43822.92727272727
6.65,115.59,71542.28,0.19,48.49,197470.71,7.58,217.44,13.2,29694.843609022555
6.11,118.83,98938.66,0.26,52.8,213569.01,7.39,208.4,8.91,34954.011456628476
7.18,162.1,91458.54,0.24,47.14,172589.36,8.41,238.93,11.04,24037.51532033426
5.53,144.39,82721.92,0.22,58.65,209032.85,9.29,140.41,8.82,37799.79204339964
9.16,120.17,89917.29,0.15,56.54,116470.92,12.3,220.38,8.39,12715.165938864628
9.08,85.0,62270.07,0.25,41.47,145388.03,10.16,192.79,9.54,16011.89757709251
7.66,128.0,88423.6,0.29,50.99,176864.53,10.03,150.3,9.91,23089.36422976501
6.6,148.43,79966.31,0.18,46.93,242307.17,8.61,240.69,11.46,36713.20757575758
9.59,135.44,104074.02,0.25,46.27,169854.38,5.28,175.6,14.85,17711.614181439
7.48,164.7,70950.55,0.27,55.1,224705.3,7.56,225.32,10.16,30040.815508021387
4.99,140.18,76134.13,0.24,34.31,211709.61,7.91,241.88,12.06,42426.7755511022
9.27,95.29,78585.91,0.24,63.1,202057.46,10.28,151.67,12.23,21796.921251348434
7.17,116.37,87648.31,0.27,62.85,183874.64,9.7,264.53,10.44,25644.99860529986
9.62,119.09,79201.81,0.25,63.23,146991.48,8.78,319.19,11.76,15279.779625779629
7.04,124.02,85131.49,0.26,42.45,170960.74,7.79,202.89,8.78,24284.196022727272
7.78,128.23,78258.94,0.24,37.58,205280.93,9.43,218.3,7.66,26385.723650385604
6.16,134.16,70366.51,0.24,59.76,146161.48,10.82,168.06,9.03,23727.51298701299
7.01,142.68,74258.32,0.28,48.34,160402.24,8.19,195.61,9.05,22881.917261055634
5.37,145.38,61875.45,0.24,61.67,265285.86,8.01,207.21,9.46,49401.463687150834
8.66,135.65,81425.42,0.27,66.83,202277.92,8.88,243.51,10.35,23357.727482678984
7.78,163.39,55799.48,0.24,67.83,196723.66,8.28,132.54,7.61,25285.817480719794
6.81,171.67,96691.97,0.2,57.84,166062.88,9.03,169.04,9.82,24385.151248164468
8.23,155.13,54985.02,0.24,51.66,223474.54,9.84,173.11,9.96,27153.65006075334
7.9,178.1,95494.61,0.34,49.7,206841.04,8.07,188.68,8.76,26182.41012658228
7.0,180.91,63259.04,0.18,55.05,166979.46,8.77,156.13,7.68,23854.20857142857
6.29,92.79,90844.95,0.26,49.62,213008.98,10.4,119.61,7.33,33864.70270270271
8.96,139.64,83225.48,0.23,40.78,154918.54,8.09,252.69,7.98,17290.015625
6.89,203.52,75744.71,0.25,44.31,217544.44,9.29,272.93,10.34,31573.939042089987
7.96,114.57,79161.55,0.23,56.5,147617.33,7.11,186.88,8.71,18544.890703517587
7.13,140.28,92624.48,0.24,53.3,129069.78,8.47,193.54,10.17,18102.353436185134
6.99,182.17,85563.02,0.17,52.64,93557.76,11.21,187.09,10.99,13384.515021459227
6.42,96.91,77975.15,0.34,66.24,305616.92,7.55,144.78,9.54,47603.881619937696
7.22,109.29,88615.8,0.21,57.75,177588.77,8.12,179.92,10.17,24596.782548476454
8.67,110.33,116618.84,0.23,41.51,153288.7,10.27,192.46,9.38,17680.35755478662
7.31,120.39,77697.49,0.23,56.82,212393.84,8.07,206.97,12.73,29055.244870041042
8.42,157.73,79280.21,0.31,46.79,198344.02,10.82,185.83,10.17,23556.296912114012
9.22,114.74,88330.98,0.22,57.2,140662.01,6.98,151.38,9.22,15256.183297180043
7.36,168.48,81840.93,0.29,54.52,172831.89,7.68,210.12,11.74,23482.59375
7.3,106.88,77840.0,0.25,65.35,192228.05,8.39,195.03,8.43,26332.609589041094
6.25,170.83,85215.1,0.33,60.41,149495.08,9.88,259.08,13.31,23919.212799999998
6.76,120.12,120722.25,0.18,51.15,252176.43,9.81,272.8,7.07,37304.20562130178
9.29,178.17,91776.9,0.36,45.02,161448.63,10.03,222.52,11.39,17378.754574811628
7.87,140.3,87302.63,0.31,51.42,146721.16,13.05,266.52,8.15,18643.095298602286
9.48,180.02,86304.65,0.2,52.37,180682.75,10.64,237.31,10.64,19059.36181434599
8.88,127.63,61616.98,0.36,49.07,131328.57,9.1,263.07,9.75,14789.253378378378
7.66,138.14,74951.83,0.23,50.8,236971.34,7.56,178.69,11.12,30936.206266318535
9.1,136.94,115394.21,0.25,56.32,245401.91,12.14,230.63,8.31,26967.242857142857
6.85,155.16,98547.34,0.21,50.34,146552.52,7.63,160.11,10.43,21394.528467153283
9.03,104.84,82805.12,0.27,57.76,143267.35,6.69,237.46,11.99,15865.708748615727
7.56,147.15,70660.79,0.18,71.7,151132.14,9.06,256.59,11.13,19991.023809523813
9.6,120.46,72797.57,0.21,44.4,199697.49,10.16,182.14,8.62,20801.821875
8.41,135.51,86320.4,0.33,62.8,156620.26,11.93,236.5,8.68,18623.098692033294
7.01,150.77,78192.54,0.27,53.13,197988.5,6.74,172.56,11.5,28243.723252496435
5.84,155.47,83409.89,0.3,29.85,172710.33,9.93,97.3,13.18,29573.686643835616
7.15,160.54,72452.55,0.22,41.48,202411.24,8.57,209.82,11.41,28309.26433566433
6.02,178.67,82771.53,0.28,56.0,151096.13,7.73,169.09,12.86,25099.024916943523
8.73,91.31,94570.16,0.21,54.4,170765.44,8.47,152.97,7.83,19560.760595647193
9.42,128.29,72511.97,0.26,48.18,217912.83,9.05,208.21,10.61,23132.996815286624
8.04,127.37,75283.34,0.23,64.38,253158.99,10.2,175.26,8.57,31487.436567164183
6.81,102.6,78802.26,0.31,73.08,222241.21,8.33,241.78,10.02,32634.538913362703
6.44,175.38,92570.21,0.22,46.14,232488.32,8.58,285.2,11.57,36100.67080745342
6.48,137.51,83673.46,0.3,53.32,239408.66,9.83,258.65,10.94,36945.78086419753
5.26,178.24,92904.99,0.22,60.44,134428.55,9.46,226.73,12.48,25556.758555133078
8.46,125.89,81775.25,0.34,52.82,238031.98,11.48,138.25,10.07,28136.167848699763
8.39,116.91,45118.7,0.16,52.57,184569.31,9.49,226.7,13.59,21998.725864123957
6.26,131.54,45751.42,0.17,51.47,231349.58,10.65,218.84,10.52,36956.801916932905
7.52,131.56,78252.67,0.23,76.8,77998.95,7.6,261.34,10.16,10372.200797872341
7.78,179.0,68918.92,0.24,43.67,162412.72,8.54,142.25,12.97,20875.67095115681
4.79,132.03,75798.33,0.3,42.32,187482.76,5.73,139.67,10.57,39140.4509394572
5.96,142.24,98889.26,0.2,55.38,208722.48,10.95,162.36,11.82,35020.55033557047
7.94,140.4,76521.97,0.19,43.76,169537.31,11.09,139.7,9.88,21352.30604534005
8.07,118.66,85053.55,0.27,56.67,214197.79,9.09,218.23,7.5,26542.4770755886
7.4,94.45,54930.02,0.25,27.8,67267.83,7.76,194.6,10.86,9090.247297297297
5.33,145.47,86894.56,0.3,55.65,67395.05,8.3,186.17,12.83,12644.474671669794
8.32,133.73,67514.16,0.14,49.53,183552.92,8.09,229.27,9.04,22061.64903846154
7.57,167.3,85015.62,0.27,61.48,238355.42,11.66,220.32,11.63,31486.845442536327
8.3,136.64,88662.75,0.31,34.96,173876.78,10.41,276.07,11.31,20949.009638554217
9.57,119.79,83550.76,0.31,35.74,163062.54,6.72,184.55,14.39,17038.92789968652
7.84,170.78,41711.9,0.17,53.48,179843.5,9.03,194.04,10.9,22939.22193877551
9.84,140.97,68620.02,0.22,35.27,201005.79,7.29,242.04,10.67,20427.41768292683
9.59,158.29,67080.68,0.25,47.93,219382.79,9.3,254.14,13.18,22876.203336809176
8.7,128.9,65483.71,0.28,52.05,186601.01,6.79,272.63,12.02,21448.39195402299
8.11,164.78,70910.15,0.32,43.93,226907.9,8.54,168.37,8.38,27978.77928483354
7.91,110.18,97566.79,0.24,46.48,210935.99,9.02,297.02,6.05,26667.002528445006
9.7,107.34,78041.37,0.27,50.55,177424.1,8.93,202.5,12.8,18291.14432989691
5.9,168.5,79591.79,0.37,62.26,169278.7,10.0,214.29,5.65,28691.305084745763
5.08,131.74,104055.53,0.23,50.18,169707.34,9.68,205.76,13.09,33406.95669291339
9.46,160.18,87836.68,0.27,51.7,198104.96,9.08,139.56,8.87,20941.327695560252
5.75,144.3,78238.85,0.33,40.09,230350.45,9.15,180.49,11.05,40060.94782608696
6.79,99.45,89307.51,0.21,47.66,167098.05,8.61,189.83,11.32,24609.43298969072
8.79,127.33,75969.83,0.32,43.42,113915.91,8.02,219.11,11.07,12959.716723549489
8.67,142.07,84130.94,0.23,43.56,181555.78,9.15,209.03,13.5,20940.689734717416
9.8,137.69,77107.91,0.26,44.53,225556.42,9.92,176.38,12.16,23015.961224489794
7.05,196.06,100548.02,0.21,46.33,129445.14,9.54,142.28,9.21,18361.012765957446
8.48,115.99,63443.62,0.24,50.92,221549.12,9.3,209.82,8.66,26126.07547169811
7.79,128.37,84004.64,0.33,63.43,84073.48,9.76,207.72,12.46,10792.487804878048
9.92,153.34,86607.42,0.26,67.44,201746.17,8.47,233.87,8.5,20337.31552419355
9.65,115.42,75113.92,0.24,55.74,251001.48,10.31,200.81,9.47,26010.516062176164
6.76,136.35,105924.94,0.21,35.13,147479.09,10.48,213.37,10.0,21816.433431952664
5.42,142.86,75699.17,0.26,53.67,203062.44,9.82,192.78,9.35,37465.39483394834
7.4,120.61,97067.87,0.26,42.23,172773.86,10.49,195.81,10.32,23347.818918918914
8.97,137.15,69974.63,0.23,32.63,142251.78,8.51,196.85,12.17,15858.615384615383
7.93,124.11,63437.82,0.3,64.09,226827.15,7.9,187.73,8.13,28603.675914249685
9.65,154.6,59219.59,0.21,81.87,163431.57,8.04,183.49,11.24,16935.913989637305
8.98,134.61,109278.94,0.28,43.04,217536.46,10.02,158.81,12.62,24224.550111358574
6.77,159.06,81168.29,0.27,59.96,180718.9,8.41,186.05,7.49,26694.076809453472
6.91,129.16,69788.37,0.22,34.93,154036.95,7.85,210.86,11.42,22291.88856729378
7.67,139.6,74869.74,0.29,47.23,166209.34,7.77,236.34,10.38,21670.05736636245
6.91,145.85,90809.59,0.15,43.45,180392.55,10.32,206.03,12.27,26106.013024602024
9.45,147.24,62282.1,0.22,56.18,143613.92,9.71,205.55,11.97,15197.240211640214
8.36,97.75,42837.41,0.19,63.07,160376.17,10.1,236.32,13.88,19183.7523923445
8.23,124.68,71423.96,0.23,69.68,191128.18,10.18,182.29,12.09,23223.351154313485
7.24,121.12,73006.59,0.28,45.68,192455.6,8.58,214.65,13.6,26582.265193370167
8.52,147.05,75491.96,0.18,67.53,133799.66,9.28,246.41,12.1,15704.185446009391
7.12,123.75,69295.57,0.22,49.37,202982.47,8.42,253.42,7.59,28508.773876404495
8.21,99.89,64770.61,0.22,65.41,165109.74,11.23,235.95,9.51,20110.808769792933
5.15,113.61,97658.13,0.31,55.48,145999.67,8.32,195.66,10.9,28349.450485436893
9.41,139.77,68694.39,0.22,44.85,212093.31,10.35,225.4,13.22,22539.140276301805
4.59,143.31,91327.77,0.25,40.8,212372.44,10.42,181.5,9.91,46268.505446623094
8.99,114.49,87604.65,0.33,64.71,203840.35,9.36,154.81,11.32,22674.121245828697
6.35,135.31,59490.1,0.22,51.67,216328.9,7.61,196.67,11.49,34067.54330708661
6.0,89.94,86087.75,0.27,54.04,203432.52,8.63,194.01,10.16,33905.42
7.74,135.6,80850.6,0.29,55.59,214124.41,7.31,173.23,9.78,27664.65245478036
8.59,129.42,86129.16,0.32,44.51,143334.45,8.28,223.38,7.07,16686.19906868452
5.96,157.26,54779.35,0.25,54.13,211335.39,9.54,191.2,10.63,35458.958053691276
9.62,116.76,85240.45,0.21,41.72,193142.52,8.08,237.31,10.25,20077.185031185032
6.83,147.56,85707.8,0.28,42.56,135224.36,9.95,237.15,9.42,19798.58857979502
4.94,175.9,79302.55,0.29,36.79,168759.07,9.91,176.91,9.75,34161.75506072874
9.49,163.97,98560.55,0.27,62.94,199492.53,8.74,218.49,8.04,21021.341412012644
6.91,137.64,69254.09,0.28,40.22,128123.5,10.13,223.88,9.62,18541.7510853835
9.17,111.65,76600.07,0.29,50.43,129203.08,6.83,205.67,11.56,14089.757906215922
7.94,171.69,82763.26,0.2,40.88,185452.45,10.08,201.39,10.64,23356.731738035265
8.09,125.14,65225.81,0.21,58.54,143553.2,10.83,244.89,10.13,17744.524103831893
9.07,127.1,68872.35,0.16,57.5,197854.97,7.93,200.34,10.45,21814.21940463065
8.53,117.56,61959.93,0.2,54.17,191490.72,6.64,131.45,7.56,22449.087924970692
6.82,155.0,93010.92,0.21,45.11,108120.33,11.77,176.79,6.82,15853.420821114369
7.55,130.87,78292.63,0.24,68.63,228985.55,9.07,218.98,10.49,30329.2119205298
7.6,113.19,82889.29,0.21,53.8,129998.97,8.7,239.98,7.76,17105.127631578947
10.53,160.64,91809.14,0.21,20.46,150064.67,8.44,168.74,9.02,14251.15574548908
8.25,155.38,80512.16,0.2,32.64,209716.13,9.67,200.58,10.11,25420.13696969697
6.29,123.26,99250.32,0.3,44.7,273714.28,9.54,200.45,6.38,43515.78378378379
7.0,82.3,84395.13,0.29,44.13,235417.51,8.02,168.15,7.94,33631.072857142855
7.57,141.06,72546.86,0.27,71.48,178569.69,10.77,211.31,7.55,23589.12681638045
7.26,132.73,44258.56,0.26,55.66,180203.42,6.68,180.96,9.3,24821.407713498626
9.11,130.84,86492.76,0.16,55.27,171566.61,8.95,201.57,10.36,18832.77826564215
10.58,123.98,80424.8,0.18,50.47,179368.89,8.99,226.84,11.09,16953.581285444234
4.5,149.76,78907.66,0.25,54.17,229486.04,10.79,242.13,8.43,50996.897777777776
7.02,109.53,73201.11,0.24,46.52,155469.85,11.72,240.67,9.24,22146.70227920228
6.8,103.6,100926.53,0.17,59.04,119655.62,11.92,193.98,9.99,17596.41470588235
9.07,151.8,61611.62,0.16,52.01,210265.7,6.47,238.55,8.77,23182.54685777288
8.41,163.44,100767.57,0.22,30.37,222281.74,6.64,200.29,11.7,26430.646848989298
7.18,155.74,75820.15,0.21,49.19,115141.9,7.07,162.72,11.35,16036.476323119778
6.14,145.34,49601.33,0.21,54.18,157427.88,10.15,196.19,7.56,25639.71986970684
10.01,137.58,96674.47,0.15,44.69,163270.04,9.83,248.7,10.64,16310.693306693307
6.64,196.87,87614.18,0.28,54.89,128465.94,11.27,134.83,10.23,19347.28012048193
7.19,140.43,63795.99,0.28,42.28,209740.43,11.77,264.81,9.48,29171.130737134907
6.56,167.47,52809.08,0.28,38.75,176246.18,8.63,206.15,12.47,26866.795731707316
7.9,121.98,54749.27,0.17,65.36,144005.68,11.29,192.44,10.52,18228.567088607593
6.46,94.14,85525.28,0.2,49.75,158728.97,8.94,175.59,8.3,24571.0479876161
8.09,140.28,59513.06,0.18,52.57,190474.29,11.69,179.33,8.5,23544.411619283066
7.51,178.17,103247.28,0.21,42.49,210518.33,9.11,224.06,11.87,28031.735019973366
9.29,168.87,63480.1,0.32,50.36,241085.3,13.31,196.09,11.89,25951.054897739505
7.83,135.36,72637.9,0.28,64.95,145433.12,4.36,309.14,12.9,18573.833971902935
7.76,173.92,88941.22,0.29,67.81,233741.86,7.66,215.79,10.73,30121.373711340206
7.81,109.76,67792.8,0.29,41.74,198203.02,7.35,255.86,6.35,25378.107554417413
7.2,117.34,67625.59,0.35,77.36,210163.43,7.6,177.94,8.61,29189.365277777775
8.76,151.7,74787.5,0.11,43.63,175067.54,7.54,202.25,9.34,19984.87899543379
7.42,182.13,66772.72,0.23,64.45,204837.34,10.29,141.15,9.25,27606.11051212938
7.65,150.08,80188.64,0.32,50.39,104821.32,9.27,184.39,5.46,13702.133333333333
8.99,113.19,89335.69,0.18,53.52,234388.73,8.02,166.83,7.54,26072.16129032258
8.0,125.09,102577.94,0.34,54.41,174113.13,7.21,196.11,10.79,21764.14125
6.92,174.65,75280.98,0.21,70.54,145842.84,8.78,210.26,4.96,21075.554913294796
7.3,129.92,74187.67,0.23,54.64,149989.65,7.83,248.45,4.01,20546.527397260274
8.9,122.97,79992.82,0.33,51.11,172002.8,6.79,285.64,12.34,19326.157303370783
4.41,151.96,75386.34,0.17,42.96,142207.42,7.36,259.12,10.23,32246.580498866217
3.72,100.53,77995.58,0.22,37.48,130265.51,10.39,150.35,9.97,35017.61021505376
8.51,150.63,83352.86,0.24,39.16,200807.06,8.8,175.15,10.09,23596.599294947122
6.67,108.47,92383.36,0.19,40.87,145089.56,6.02,196.7,9.73,21752.55772113943
7.01,134.21,76793.45,0.18,62.09,215048.5,10.3,166.56,7.75,30677.389443651926
6.78,135.5,85136.76,0.29,59.01,275720.49,9.24,257.27,8.98,40666.738938053095
7.14,139.16,89127.37,0.23,51.07,156657.58,7.25,221.99,6.69,21940.837535014005
10.07,113.43,70646.05,0.29,44.88,160952.03,10.35,208.04,8.04,15983.319761668321
8.46,83.91,76841.98,0.22,61.74,189844.71,7.93,228.43,10.96,22440.273049645388
5.73,123.76,94858.5,0.25,62.36,111340.1,11.62,250.23,6.79,19431.08202443281
5.36,166.36,88685.92,0.29,48.63,215026.25,7.79,121.32,6.81,40116.83768656716
6.01,158.94,78554.23,0.22,48.31,169481.0,7.01,166.79,9.85,28199.83361064892
8.55,135.46,72635.77,0.2,52.53,191003.74,9.94,222.96,10.82,22339.61871345029
5.74,132.12,93545.87,0.28,37.78,241421.23,10.34,283.49,11.88,42059.447735191636
3.3,153.86,67934.58,0.26,56.99,156980.39,9.37,158.36,10.13,47569.815151515155
9.31,155.64,86432.17,0.18,40.38,223883.01,10.76,242.73,8.67,24047.5843179377
5.82,139.98,100483.41,0.32,57.47,234965.43,9.56,203.14,7.33,40372.06701030928
6.4,153.75,68788.56,0.21,60.75,198030.82,8.7,167.24,10.98,30942.315625
7.27,140.92,65748.43,0.25,55.67,155051.36,9.99,178.95,10.69,21327.5598349381
9.77,110.95,70049.93,0.31,52.62,222202.18,9.1,147.53,9.7,22743.3142272262
9.32,160.08,90132.36,0.14,51.3,226519.58,10.19,251.64,12.08,24304.675965665236
7.59,178.96,105134.54,0.26,40.72,193073.29,7.18,161.04,8.64,25437.8511198946
5.86,172.44,91417.61,0.24,36.56,230867.87,9.69,275.82,10.39,39397.24744027304
7.4,149.32,94658.95,0.25,27.72,203851.99,9.03,227.53,9.59,27547.566216216215
8.49,105.02,74011.15,0.3,42.47,176583.25,8.39,153.59,11.82,20798.96937573616
7.27,160.78,82284.04,0.34,47.95,111995.17,6.78,209.37,8.3,15405.112792297112
8.41,171.96,73124.02,0.25,54.35,151451.5,10.18,259.96,13.75,18008.501783590964
7.55,104.79,101358.48,0.32,54.02,199672.58,8.72,193.4,15.17,26446.699337748345
6.52,122.14,81845.28,0.19,36.82,146339.7,8.54,204.16,9.68,22444.739263803684
6.35,124.4,78809.36,0.4,42.02,193591.32,7.35,234.08,9.18,30486.8220472441
10.27,106.15,75352.33,0.27,54.53,217970.29,8.28,191.38,10.14,21223.981499513146
6.58,124.94,71146.67,0.25,39.43,147669.45,8.98,146.71,13.02,22442.16565349544
9.09,123.71,69655.17,0.28,43.24,231617.01,10.78,215.53,11.41,25480.419141914193
6.69,124.19,92615.62,0.24,35.55,254303.64,8.97,205.7,10.37,38012.50224215246
8.25,122.08,96661.3,0.23,33.89,269417.1,9.1,163.51,12.72,32656.61818181818
6.95,138.43,75093.9,0.26,66.78,203198.89,9.98,210.01,11.97,29237.25035971223
9.07,132.21,70824.6,0.12,66.83,212838.69,10.78,243.44,8.71,23466.228224917308
7.16,96.14,97021.53,0.28,57.61,214436.4,8.57,205.33,13.37,29949.217877094972
6.75,122.51,77019.96,0.26,50.39,189221.66,7.07,221.13,10.04,28032.838518518518
5.93,175.24,110028.84,0.24,43.77,128632.07,11.39,157.16,12.91,21691.74873524452
8.55,134.54,58249.75,0.29,57.37,169487.33,7.4,192.42,8.07,19823.079532163738
6.9,115.03,65140.19,0.27,33.05,152282.27,7.84,215.74,10.99,22069.894202898548
6.81,173.55,82680.05,0.27,52.34,160467.69,10.95,189.43,9.39,23563.53744493392
5.61,112.35,58554.14,0.22,55.26,246521.69,6.31,164.16,12.74,43943.26024955436
4.86,130.45,79707.04,0.26,62.73,230237.48,9.33,82.65,10.25,47373.9670781893
7.45,129.22,44172.03,0.21,39.81,185527.71,8.47,200.45,8.69,24903.04832214765
6.77,103.75,73702.3,0.27,50.79,188172.8,9.5,256.0,9.63,27795.09601181684
9.78,90.04,105178.61,0.27,47.69,123662.74,9.58,139.28,7.32,12644.451942740288
